Type,EDI_Std_Nomenclature,AISC_Manual_Label,W,A,d,Ht,OD,bf,B,tw,tf,tnom,tdes,Ix,Iy,J,b,t
W,W44X408,W44X408,408,120,44.8,,,16.1,,1.22,2.17,,,38700,1520,134,,
W,W44X368,W44X368,368,108,44.4,,,16,,1.1,1.97,,,34700,1350,100,,
W,W44X335,W44X335,335,98.5,44,,,15.9,,1.03,1.77,,,31100,1200,74.7,,
W,W44X290,W44X290,290,85.4,43.6,,,15.8,,0.865,1.58,,,27000,1040,50.9,,
W,W44X262,W44X262,262,77.2,43.3,,,15.8,,0.785,1.42,,,24100,923,37.3,,
W,W44X230,W44X230,230,67.8,42.9,,,15.8,,0.71,1.22,,,20800,796,24.9,,
W,W40X655,W40X655,655,193,43.6,,,16.9,,1.97,3.54,,,56500,2870,589,,
W,W40X593,W40X593,593,174,43,,,16.7,,1.79,3.23,,,50400,2520,445,,
W,W40X503,W40X503,503,148,42.1,,,16.4,,1.54,2.76,,,41600,2040,277,,
W,W40X431,W40X431,431,127,41.3,,,16.2,,1.34,2.36,,,34800,1690,177,,
W,W40X397,W40X397,397,117,41,,,16.1,,1.22,2.2,,,32000,1540,142,,
W,W40X372,W40X372,372,110,40.6,,,16.1,,1.16,2.05,,,29600,1420,116,,
W,W40X362,W40X362,362,106,40.6,,,16,,1.12,2.01,,,28900,1380,109,,
W,W40X324,W40X324,324,95.3,40.2,,,15.9,,1,1.81,,,25600,1220,79.4,,
W,W40X297,W40X297,297,87.3,39.8,,,15.8,,0.93,1.65,,,23200,1090,61.2,,
W,W40X277,W40X277,277,81.5,39.7,,,15.8,,0.83,1.58,,,21900,1040,51.5,,
W,W40X249,W40X249,249,73.5,39.4,,,15.8,,0.75,1.42,,,19600,926,38.1,,
W,W40X215,W40X215,215,63.5,39,,,15.8,,0.65,1.22,,,16700,803,24.8,,
W,W40X199,W40X199,199,58.8,38.7,,,15.8,,0.65,1.07,,,14900,695,18.3,,
W,W40X392,W40X392,392,116,41.6,,,12.4,,1.42,2.52,,,29900,803,172,,
W,W40X331,W40X331,331,97.7,40.8,,,12.2,,1.22,2.13,,,24700,644,105,,
W,W40X327,W40X327,327,95.9,40.8,,,12.1,,1.18,2.13,,,24500,640,103,,
W,W40X294,W40X294,294,86.2,40.4,,,12,,1.06,1.93,,,21900,562,76.6,,
W,W40X278,W40X278,278,82.3,40.2,,,12,,1.03,1.81,,,20500,521,65,,
W,W40X264,W40X264,264,77.4,40,,,11.9,,0.96,1.73,,,19400,493,56.1,,
W,W40X235,W40X235,235,69.1,39.7,,,11.9,,0.83,1.58,,,17400,444,41.3,,
W,W40X211,W40X211,211,62.1,39.4,,,11.8,,0.75,1.42,,,15500,390,30.4,,
W,W40X183,W40X183,183,53.3,39,,,11.8,,0.65,1.2,,,13200,331,19.3,,
W,W40X167,W40X167,167,49.3,38.6,,,11.8,,0.65,1.03,,,11600,283,14,,
W,W40X149,W40X149,149,43.8,38.2,,,11.8,,0.63,0.83,,,9800,229,9.36,,
W,W36X925,W36X925,925,272,43.1,,,18.6,,3.02,4.53,,,73000,4940,1430,,
W,W36X853,W36X853,853,251,43.1,,,18.2,,2.52,4.53,,,70000,4600,1240,,
W,W36X802,W36X802,802,236,42.6,,,18,,2.38,4.29,,,64800,4210,1050,,
W,W36X723,W36X723,723,213,41.8,,,17.8,,2.17,3.9,,,57300,3700,785,,
W,W36X652,W36X652,652,192,41.1,,,17.6,,1.97,3.54,,,50600,3230,593,,
W,W36X529,W36X529,529,156,39.8,,,17.2,,1.61,2.91,,,39600,2490,327,,
W,W36X487,W36X487,487,143,39.3,,,17.1,,1.5,2.68,,,36000,2250,258,,
W,W36X441,W36X441,441,130,38.9,,,17,,1.36,2.44,,,32100,1990,194,,
W,W36X395,W36X395,395,116,38.4,,,16.8,,1.22,2.2,,,28500,1750,142,,
W,W36X361,W36X361,361,106,38,,,16.7,,1.12,2.01,,,25700,1570,109,,
W,W36X330,W36X330,330,96.9,37.7,,,16.6,,1.02,1.85,,,23300,1420,84.3,,
W,W36X302,W36X302,302,89,37.3,,,16.7,,0.945,1.68,,,21100,1300,64.3,,
W,W36X282,W36X282,282,82.9,37.1,,,16.6,,0.885,1.57,,,19600,1200,52.7,,
W,W36X262,W36X262,262,77.2,36.9,,,16.6,,0.84,1.44,,,17900,1090,41.6,,
W,W36X247,W36X247,247,72.5,36.7,,,16.5,,0.8,1.35,,,16700,1010,34.7,,
W,W36X231,W36X231,231,68.2,36.5,,,16.5,,0.76,1.26,,,15600,940,28.7,,
W,W36X387,W36X387,387,114,39.1,,,12.7,,1.42,2.56,,,26500,882,172,,
W,W36X350,W36X350,350,103,38.6,,,12.6,,1.3,2.32,,,23600,780,129,,
W,W36X318,W36X318,318,93.4,38.2,,,12.4,,1.18,2.13,,,21200,682,98.3,,
W,W36X286,W36X286,286,83.9,37.8,,,12.3,,1.06,1.93,,,18900,602,72.8,,
W,W36X256,W36X256,256,75.3,37.4,,,12.2,,0.96,1.73,,,16800,528,52.9,,
W,W36X232,W36X232,232,68,37.1,,,12.1,,0.87,1.57,,,15000,468,39.6,,
W,W36X210,W36X210,210,61.9,36.7,,,12.2,,0.83,1.36,,,13200,411,28,,
W,W36X194,W36X194,194,57,36.5,,,12.1,,0.765,1.26,,,12100,375,22.2,,
W,W36X182,W36X182,182,53.6,36.3,,,12.1,,0.725,1.18,,,11300,347,18.5,,
W,W36X170,W36X170,170,50,36.2,,,12,,0.68,1.1,,,10500,320,15.1,,
W,W36X160,W36X160,160,47,36,,,12,,0.65,1.02,,,9760,295,12.4,,
W,W36X150,W36X150,150,44.3,35.9,,,12,,0.625,0.94,,,9040,270,10.1,,
W,W36X135,W36X135,135,39.9,35.6,,,12,,0.6,0.79,,,7800,225,7,,
W,W33X387,W33X387,387,114,36,,,16.2,,1.26,2.28,,,24300,1620,148,,
W,W33X354,W33X354,354,104,35.6,,,16.1,,1.16,2.09,,,22000,1460,115,,
W,W33X318,W33X318,318,93.7,35.2,,,16,,1.04,1.89,,,19500,1290,84.4,,
W,W33X291,W33X291,291,85.6,34.8,,,15.9,,0.96,1.73,,,17700,1160,65.1,,
W,W33X263,W33X263,263,77.4,34.5,,,15.8,,0.87,1.57,,,15900,1040,48.7,,
W,W33X241,W33X241,241,71.1,34.2,,,15.9,,0.83,1.4,,,14200,933,36.2,,
W,W33X221,W33X221,221,65.3,33.9,,,15.8,,0.775,1.28,,,12900,840,27.8,,
W,W33X201,W33X201,201,59.1,33.7,,,15.7,,0.715,1.15,,,11600,749,20.8,,
W,W33X169,W33X169,169,49.5,33.8,,,11.5,,0.67,1.22,,,9290,310,17.7,,
W,W33X152,W33X152,152,44.9,33.5,,,11.6,,0.635,1.06,,,8160,273,12.4,,
W,W33X141,W33X141,141,41.5,33.3,,,11.5,,0.605,0.96,,,7450,246,9.7,,
W,W33X130,W33X130,130,38.3,33.1,,,11.5,,0.58,0.855,,,6710,218,7.37,,
W,W33X118,W33X118,118,34.7,32.9,,,11.5,,0.55,0.74,,,5900,187,5.3,,
W,W30X391,W30X391,391,115,33.2,,,15.6,,1.36,2.44,,,20700,1550,173,,
W,W30X357,W30X357,357,105,32.8,,,15.5,,1.24,2.24,,,18700,1390,134,,
W,W30X326,W30X326,326,95.9,32.4,,,15.4,,1.14,2.05,,,16800,1240,103,,
W,W30X292,W30X292,292,86,32,,,15.3,,1.02,1.85,,,14900,1100,75.2,,
W,W30X261,W30X261,261,77,31.6,,,15.2,,0.93,1.65,,,13100,959,54.1,,
W,W30X235,W30X235,235,69.3,31.3,,,15.1,,0.83,1.5,,,11700,855,40.3,,
W,W30X211,W30X211,211,62.3,30.9,,,15.1,,0.775,1.32,,,10300,757,28.4,,
W,W30X191,W30X191,191,56.1,30.7,,,15,,0.71,1.19,,,9200,673,21,,
W,W30X173,W30X173,173,50.9,30.4,,,15,,0.655,1.07,,,8230,598,15.6,,
W,W30X148,W30X148,148,43.6,30.7,,,10.5,,0.65,1.18,,,6680,227,14.5,,
W,W30X132,W30X132,132,38.8,30.3,,,10.5,,0.615,1,,,5770,196,9.72,,
W,W30X124,W30X124,124,36.5,30.2,,,10.5,,0.585,0.93,,,5360,181,7.99,,
W,W30X116,W30X116,116,34.2,30,,,10.5,,0.565,0.85,,,4930,164,6.43,,
W,W30X108,W30X108,108,31.7,29.8,,,10.5,,0.545,0.76,,,4470,146,4.99,,
W,W30X99,W30X99,99,29,29.7,,,10.5,,0.52,0.67,,,3990,128,3.77,,
W,W30X90,W30X90,90,26.3,29.5,,,10.4,,0.47,0.61,,,3610,115,2.84,,
W,W27X539,W27X539,539,159,32.5,,,15.3,,1.97,3.54,,,25600,2110,496,,
W,W27X368,W27X368,368,109,30.4,,,14.7,,1.38,2.48,,,16200,1310,170,,
W,W27X336,W27X336,336,99.2,30,,,14.6,,1.26,2.28,,,14600,1180,131,,
W,W27X307,W27X307,307,90.2,29.6,,,14.4,,1.16,2.09,,,13100,1050,101,,
W,W27X281,W27X281,281,83.1,29.3,,,14.4,,1.06,1.93,,,11900,953,79.5,,
W,W27X258,W27X258,258,76.1,29,,,14.3,,0.98,1.77,,,10800,859,61.6,,
W,W27X235,W27X235,235,69.4,28.7,,,14.2,,0.91,1.61,,,9700,769,47,,
W,W27X217,W27X217,217,63.9,28.4,,,14.1,,0.83,1.5,,,8910,704,37.6,,
W,W27X194,W27X194,194,57.1,28.1,,,14,,0.75,1.34,,,7860,619,27.1,,
W,W27X178,W27X178,178,52.5,27.8,,,14.1,,0.725,1.19,,,7020,555,20.1,,
W,W27X161,W27X161,161,47.6,27.6,,,14,,0.66,1.08,,,6310,497,15.1,,
W,W27X146,W27X146,146,43.2,27.4,,,14,,0.605,0.975,,,5660,443,11.3,,
W,W27X129,W27X129,129,37.8,27.6,,,10,,0.61,1.1,,,4760,184,11.1,,
W,W27X114,W27X114,114,33.6,27.3,,,10.1,,0.57,0.93,,,4080,159,7.33,,
W,W27X102,W27X102,102,30,27.1,,,10,,0.515,0.83,,,3620,139,5.28,,
W,W27X94,W27X94,94,27.6,26.9,,,10,,0.49,0.745,,,3270,124,4.03,,
W,W27X84,W27X84,84,24.7,26.7,,,10,,0.46,0.64,,,2850,106,2.81,,
W,W24X370,W24X370,370,109,28,,,13.7,,1.52,2.72,,,13400,1160,201,,
W,W24X335,W24X335,335,98.3,27.5,,,13.5,,1.38,2.48,,,11900,1030,152,,
W,W24X306,W24X306,306,89.7,27.1,,,13.4,,1.26,2.28,,,10700,919,117,,
W,W24X279,W24X279,279,81.9,26.7,,,13.3,,1.16,2.09,,,9600,823,90.5,,
W,W24X250,W24X250,250,73.5,26.3,,,13.2,,1.04,1.89,,,8490,724,66.6,,
W,W24X229,W24X229,229,67.2,26,,,13.1,,0.96,1.73,,,7650,651,51.3,,
W,W24X207,W24X207,207,60.7,25.7,,,13,,0.87,1.57,,,6820,578,38.3,,
W,W24X192,W24X192,192,56.5,25.5,,,13,,0.81,1.46,,,6260,530,30.8,,
W,W24X176,W24X176,176,51.7,25.2,,,12.9,,0.75,1.34,,,5680,479,23.9,,
W,W24X162,W24X162,162,47.8,25,,,13,,0.705,1.22,,,5170,443,18.5,,
W,W24X146,W24X146,146,43,24.7,,,12.9,,0.65,1.09,,,4580,391,13.4,,
W,W24X131,W24X131,131,38.6,24.5,,,12.9,,0.605,0.96,,,4020,340,9.5,,
W,W24X117,W24X117,117,34.4,24.3,,,12.8,,0.55,0.85,,,3540,297,6.72,,
W,W24X104,W24X104,104,30.7,24.1,,,12.8,,0.5,0.75,,,3100,259,4.72,,
W,W24X103,W24X103,103,30.3,24.5,,,9,,0.55,0.98,,,3000,119,7.07,,
W,W24X94,W24X94,94,27.7,24.3,,,9.07,,0.515,0.875,,,2700,109,5.26,,
W,W24X84,W24X84,84,24.7,24.1,,,9.02,,0.47,0.77,,,2370,94.4,3.7,,
W,W24X76,W24X76,76,22.4,23.9,,,8.99,,0.44,0.68,,,2100,82.5,2.68,,
W,W24X68,W24X68,68,20.1,23.7,,,8.97,,0.415,0.585,,,1830,70.4,1.87,,
W,W24X62,W24X62,62,18.2,23.7,,,7.04,,0.43,0.59,,,1550,34.5,1.71,,
W,W24X55,W24X55,55,16.2,23.6,,,7.01,,0.395,0.505,,,1350,29.1,1.18,,
W,W21X275,W21X275,275,81.8,24.1,,,12.9,,1.22,2.19,,,7690,787,107,,
W,W21X248,W21X248,248,73.8,23.7,,,12.8,,1.1,1.99,,,6830,699,80.7,,
W,W21X223,W21X223,223,66.5,23.4,,,12.7,,1,1.79,,,6080,614,59.5,,
W,W21X201,W21X201,201,59.3,23,,,12.6,,0.91,1.63,,,5310,542,40.9,,
W,W21X182,W21X182,182,53.6,22.7,,,12.5,,0.83,1.48,,,4730,483,30.7,,
W,W21X166,W21X166,166,48.8,22.5,,,12.4,,0.75,1.36,,,4280,435,23.6,,
W,W21X147,W21X147,147,43.2,22.1,,,12.5,,0.72,1.15,,,3630,376,15.4,,
W,W21X132,W21X132,132,38.8,21.8,,,12.4,,0.65,1.04,,,3220,333,11.3,,
W,W21X122,W21X122,122,35.9,21.7,,,12.4,,0.6,0.96,,,2960,305,8.98,,
W,W21X111,W21X111,111,32.6,21.5,,,12.3,,0.55,0.875,,,2670,274,6.83,,
W,W21X101,W21X101,101,29.8,21.4,,,12.3,,0.5,0.8,,,2420,248,5.21,,
W,W21X93,W21X93,93,27.3,21.6,,,8.42,,0.58,0.93,,,2070,92.9,6.03,,
W,W21X83,W21X83,83,24.4,21.4,,,8.36,,0.515,0.835,,,1830,81.4,4.34,,
W,W21X73,W21X73,73,21.5,21.2,,,8.3,,0.455,0.74,,,1600,70.6,3.02,,
W,W21X68,W21X68,68,20,21.1,,,8.27,,0.43,0.685,,,1480,64.7,2.45,,
W,W21X62,W21X62,62,18.3,21,,,8.24,,0.4,0.615,,,1330,57.5,1.83,,
W,W21X55,W21X55,55,16.2,20.8,,,8.22,,0.375,0.522,,,1140,48.4,1.24,,
W,W21X48,W21X48,48,14.1,20.6,,,8.14,,0.35,0.43,,,959,38.7,0.803,,
W,W21X57,W21X57,57,16.7,21.1,,,6.56,,0.405,0.65,,,1170,30.6,1.77,,
W,W21X50,W21X50,50,14.7,20.8,,,6.53,,0.38,0.535,,,984,24.9,1.14,,
W,W21X44,W21X44,44,13,20.7,,,6.5,,0.35,0.45,,,843,20.7,0.77,,
W,W18X311,W18X311,311,91.6,22.3,,,12,,1.52,2.74,,,6970,795,176,,
W,W18X283,W18X283,283,83.3,21.9,,,11.9,,1.4,2.5,,,6170,704,134,,
W,W18X258,W18X258,258,76,21.5,,,11.8,,1.28,2.3,,,5510,628,103,,
W,W18X234,W18X234,234,68.6,21.1,,,11.7,,1.16,2.11,,,4900,558,78.7,,
W,W18X211,W18X211,211,62.3,20.7,,,11.6,,1.06,1.91,,,4330,493,58.6,,
W,W18X192,W18X192,192,56.2,20.4,,,11.5,,0.96,1.75,,,3870,440,44.7,,
W,W18X175,W18X175,175,51.4,20,,,11.4,,0.89,1.59,,,3450,391,33.8,,
W,W18X158,W18X158,158,46.3,19.7,,,11.3,,0.81,1.44,,,3060,347,25.2,,
W,W18X143,W18X143,143,42,19.5,,,11.2,,0.73,1.32,,,2750,311,19.2,,
W,W18X130,W18X130,130,38.3,19.3,,,11.2,,0.67,1.2,,,2460,278,14.5,,
W,W18X119,W18X119,119,35.1,19,,,11.3,,0.655,1.06,,,2190,253,10.6,,
W,W18X106,W18X106,106,31.1,18.7,,,11.2,,0.59,0.94,,,1910,220,7.48,,
W,W18X97,W18X97,97,28.5,18.6,,,11.1,,0.535,0.87,,,1750,201,5.86,,
W,W18X86,W18X86,86,25.3,18.4,,,11.1,,0.48,0.77,,,1530,175,4.1,,
W,W18X76,W18X76,76,22.3,18.2,,,11,,0.425,0.68,,,1330,152,2.83,,
W,W18X71,W18X71,71,20.9,18.5,,,7.64,,0.495,0.81,,,1170,60.3,3.49,,
W,W18X65,W18X65,65,19.1,18.4,,,7.59,,0.45,0.75,,,1070,54.8,2.73,,
W,W18X60,W18X60,60,17.6,18.2,,,7.56,,0.415,0.695,,,984,50.1,2.17,,
W,W18X55,W18X55,55,16.2,18.1,,,7.53,,0.39,0.63,,,890,44.9,1.66,,
W,W18X50,W18X50,50,14.7,18,,,7.5,,0.355,0.57,,,800,40.1,1.24,,
W,W18X46,W18X46,46,13.5,18.1,,,6.06,,0.36,0.605,,,712,22.5,1.22,,
W,W18X40,W18X40,40,11.8,17.9,,,6.02,,0.315,0.525,,,612,19.1,0.81,,
W,W18X35,W18X35,35,10.3,17.7,,,6,,0.3,0.425,,,510,15.3,0.506,,
W,W16X100,W16X100,100,29.4,17,,,10.4,,0.585,0.985,,,1490,186,7.73,,
W,W16X89,W16X89,89,26.2,16.8,,,10.4,,0.525,0.875,,,1300,163,5.45,,
W,W16X77,W16X77,77,22.6,16.5,,,10.3,,0.455,0.76,,,1110,138,3.57,,
W,W16X67,W16X67,67,19.6,16.3,,,10.2,,0.395,0.665,,,954,119,2.39,,
W,W16X57,W16X57,57,16.8,16.4,,,7.12,,0.43,0.715,,,758,43.1,2.22,,
W,W16X50,W16X50,50,14.7,16.3,,,7.07,,0.38,0.63,,,659,37.2,1.52,,
W,W16X45,W16X45,45,13.3,16.1,,,7.04,,0.345,0.565,,,586,32.8,1.11,,
W,W16X40,W16X40,40,11.8,16,,,7,,0.305,0.505,,,518,28.9,0.794,,
W,W16X36,W16X36,36,10.6,15.9,,,6.99,,0.295,0.43,,,448,24.5,0.545,,
W,W16X31,W16X31,31,9.13,15.9,,,5.53,,0.275,0.44,,,375,12.4,0.461,,
W,W16X26,W16X26,26,7.68,15.7,,,5.5,,0.25,0.345,,,301,9.59,0.262,,
W,W14X873,W14X873,873,257,23.6,,,18.8,,3.94,5.51,,,18100,6170,2270,,
W,W14X808,W14X808,808,238,22.8,,,18.6,,3.74,5.12,,,15900,5550,1840,,
W,W14X730,W14X730,730,215,22.4,,,17.9,,3.07,4.91,,,14300,4720,1450,,
W,W14X665,W14X665,665,196,21.6,,,17.7,,2.83,4.52,,,12400,4170,1120,,
W,W14X605,W14X605,605,178,20.9,,,17.4,,2.6,4.16,,,10800,3680,869,,
W,W14X550,W14X550,550,162,20.2,,,17.2,,2.38,3.82,,,9430,3250,669,,
W,W14X500,W14X500,500,147,19.6,,,17,,2.19,3.5,,,8210,2880,514,,
W,W14X455,W14X455,455,134,19,,,16.8,,2.02,3.21,,,7190,2560,395,,
W,W14X426,W14X426,426,125,18.7,,,16.7,,1.88,3.04,,,6600,2360,331,,
W,W14X398,W14X398,398,117,18.3,,,16.6,,1.77,2.85,,,6000,2170,273,,
W,W14X370,W14X370,370,109,17.9,,,16.5,,1.66,2.66,,,5440,1990,222,,
W,W14X342,W14X342,342,101,17.5,,,16.4,,1.54,2.47,,,4900,1810,178,,
W,W14X311,W14X311,311,91.4,17.1,,,16.2,,1.41,2.26,,,4330,1610,136,,
W,W14X283,W14X283,283,83.3,16.7,,,16.1,,1.29,2.07,,,3840,1440,104,,
W,W14X257,W14X257,257,75.6,16.4,,,16,,1.18,1.89,,,3400,1290,79.1,,
W,W14X233,W14X233,233,68.5,16,,,15.9,,1.07,1.72,,,3010,1150,59.5,,
W,W14X211,W14X211,211,62,15.7,,,15.8,,0.98,1.56,,,2660,1030,44.6,,
W,W14X193,W14X193,193,56.8,15.5,,,15.7,,0.89,1.44,,,2400,931,34.8,,
W,W14X176,W14X176,176,51.8,15.2,,,15.7,,0.83,1.31,,,2140,838,26.5,,
W,W14X159,W14X159,159,46.7,15,,,15.6,,0.745,1.19,,,1900,748,19.7,,
W,W14X145,W14X145,145,42.7,14.8,,,15.5,,0.68,1.09,,,1710,677,15.2,,
W,W14X132,W14X132,132,38.8,14.7,,,14.7,,0.645,1.03,,,1530,548,12.3,,
W,W14X120,W14X120,120,35.3,14.5,,,14.7,,0.59,0.94,,,1380,495,9.37,,
W,W14X109,W14X109,109,32,14.3,,,14.6,,0.525,0.86,,,1240,447,7.12,,
W,W14X99,W14X99,99,29.1,14.2,,,14.6,,0.485,0.78,,,1110,402,5.37,,
W,W14X90,W14X90,90,26.5,14,,,14.5,,0.44,0.71,,,999,362,4.06,,
W,W14X82,W14X82,82,24,14.3,,,10.1,,0.51,0.855,,,881,148,5.07,,
W,W14X74,W14X74,74,21.8,14.2,,,10.1,,0.45,0.785,,,795,134,3.87,,
W,W14X68,W14X68,68,20,14,,,10,,0.415,0.72,,,722,121,3.01,,
W,W14X61,W14X61,61,17.9,13.9,,,10,,0.375,0.645,,,640,107,2.19,,
W,W14X53,W14X53,53,15.6,13.9,,,8.06,,0.37,0.66,,,541,57.7,1.94,,
W,W14X48,W14X48,48,14.1,13.8,,,8.03,,0.34,0.595,,,484,51.4,1.45,,
W,W14X43,W14X43,43,12.6,13.7,,,8,,0.305,0.53,,,428,45.2,1.05,,
W,W14X38,W14X38,38,11.2,14.1,,,6.77,,0.31,0.515,,,385,26.7,0.798,,
W,W14X34,W14X34,34,10,14,,,6.75,,0.285,0.455,,,340,23.3,0.569,,
W,W14X30,W14X30,30,8.85,13.8,,,6.73,,0.27,0.385,,,291,19.6,0.38,,
W,W14X26,W14X26,26,7.69,13.9,,,5.03,,0.255,0.42,,,245,8.91,0.358,,
W,W14X22,W14X22,22,6.49,13.7,,,5,,0.23,0.335,,,199,7,0.208,,
W,W12X336,W12X336,336,98.9,16.8,,,13.4,,1.78,2.96,,,4060,1190,243,,
W,W12X305,W12X305,305,89.5,16.3,,,13.2,,1.63,2.71,,,3550,1050,185,,
W,W12X279,W12X279,279,81.9,15.9,,,13.1,,1.53,2.47,,,3110,937,143,,
W,W12X252,W12X252,252,74.1,15.4,,,13,,1.4,2.25,,,2720,828,108,,
W,W12X230,W12X230,230,67.7,15.1,,,12.9,,1.29,2.07,,,2420,742,83.8,,
W,W12X210,W12X210,210,61.8,14.7,,,12.8,,1.18,1.9,,,2140,664,64.7,,
W,W12X190,W12X190,190,56,14.4,,,12.7,,1.06,1.74,,,1890,589,48.8,,
W,W12X170,W12X170,170,50,14,,,12.6,,0.96,1.56,,,1650,517,35.6,,
W,W12X152,W12X152,152,44.7,13.7,,,12.5,,0.87,1.4,,,1430,454,25.8,,
W,W12X136,W12X136,136,39.9,13.4,,,12.4,,0.79,1.25,,,1240,398,18.5,,
W,W12X120,W12X120,120,35.2,13.1,,,12.3,,0.71,1.11,,,1070,345,12.9,,
W,W12X106,W12X106,106,31.2,12.9,,,12.2,,0.61,0.99,,,933,301,9.13,,
W,W12X96,W12X96,96,28.2,12.7,,,12.2,,0.55,0.9,,,833,270,6.85,,
W,W12X87,W12X87,87,25.6,12.5,,,12.1,,0.515,0.81,,,740,241,5.1,,
W,W12X79,W12X79,79,23.2,12.4,,,12.1,,0.47,0.735,,,662,216,3.84,,
W,W12X72,W12X72,72,21.1,12.3,,,12,,0.43,0.67,,,597,195,2.93,,
W,W12X65,W12X65,65,19.1,12.1,,,12,,0.39,0.605,,,533,174,2.18,,
W,W12X58,W12X58,58,17,12.2,,,10,,0.36,0.64,,,475,107,2.1,,
W,W12X53,W12X53,53,15.6,12.1,,,10,,0.345,0.575,,,425,95.8,1.58,,
W,W12X50,W12X50,50,14.6,12.2,,,8.08,,0.37,0.64,,,391,56.3,1.71,,
W,W12X45,W12X45,45,13.1,12.1,,,8.05,,0.335,0.575,,,348,50,1.26,,
W,W12X40,W12X40,40,11.7,11.9,,,8.01,,0.295,0.515,,,307,44.1,0.906,,
W,W12X35,W12X35,35,10.3,12.5,,,6.56,,0.3,0.52,,,285,24.5,0.741,,
W,W12X30,W12X30,30,8.79,12.3,,,6.52,,0.26,0.44,,,238,20.3,0.457,,
W,W12X26,W12X26,26,7.65,12.2,,,6.49,,0.23,0.38,,,204,17.3,0.3,,
W,W12X22,W12X22,22,6.48,12.3,,,4.03,,0.26,0.425,,,156,4.66,0.293,,
W,W12X19,W12X19,19,5.57,12.2,,,4.01,,0.235,0.35,,,130,3.76,0.18,,
W,W12X16,W12X16,16,4.71,12,,,3.99,,0.22,0.265,,,103,2.82,0.103,,
W,W12X14,W12X14,14,4.16,11.9,,,3.97,,0.2,0.225,,,88.6,2.36,0.0704,,
W,W10X112,W10X112,112,32.9,11.4,,,10.4,,0.755,1.25,,,716,236,15.1,,
W,W10X100,W10X100,100,29.3,11.1,,,10.3,,0.68,1.12,,,623,207,10.9,,
W,W10X88,W10X88,88,26,10.8,,,10.3,,0.605,0.99,,,534,179,7.53,,
W,W10X77,W10X77,77,22.7,10.6,,,10.2,,0.53,0.87,,,455,154,5.11,,
W,W10X68,W10X68,68,19.9,10.4,,,10.1,,0.47,0.77,,,394,134,3.56,,
W,W10X60,W10X60,60,17.7,10.2,,,10.1,,0.42,0.68,,,341,116,2.48,,
W,W10X54,W10X54,54,15.8,10.1,,,10,,0.37,0.615,,,303,103,1.82,,
W,W10X49,W10X49,49,14.4,10,,,10,,0.34,0.56,,,272,93.4,1.39,,
W,W10X45,W10X45,45,13.3,10.1,,,8.02,,0.35,0.62,,,248,53.4,1.51,,
W,W10X39,W10X39,39,11.5,9.92,,,7.99,,0.315,0.53,,,209,45,0.976,,
W,W10X33,W10X33,33,9.71,9.73,,,7.96,,0.29,0.435,,,171,36.6,0.583,,
W,W10X30,W10X30,30,8.84,10.5,,,5.81,,0.3,0.51,,,170,16.7,0.622,,
W,W10X26,W10X26,26,7.61,10.3,,,5.77,,0.26,0.44,,,144,14.1,0.402,,
W,W10X22,W10X22,22,6.49,10.2,,,5.75,,0.24,0.36,,,118,11.4,0.239,,
W,W10X19,W10X19,19,5.62,10.2,,,4.02,,0.25,0.395,,,96.3,4.29,0.233,,
W,W10X17,W10X17,17,4.99,10.1,,,4.01,,0.24,0.33,,,81.9,3.56,0.156,,
W,W10X15,W10X15,15,4.41,9.99,,,4,,0.23,0.27,,,68.9,2.89,0.104,,
W,W10X12,W10X12,12,3.54,9.87,,,3.96,,0.19,0.21,,,53.8,2.18,0.0547,,
W,W8X67,W8X67,67,19.7,9,,,8.28,,0.57,0.935,,,272,88.6,5.05,,
W,W8X58,W8X58,58,17.1,8.75,,,8.22,,0.51,0.81,,,228,75.1,3.33,,
W,W8X48,W8X48,48,14.1,8.5,,,8.11,,0.4,0.685,,,184,60.9,1.96,,
W,W8X40,W8X40,40,11.7,8.25,,,8.07,,0.36,0.56,,,146,49.1,1.12,,
W,W8X35,W8X35,35,10.3,8.12,,,8.02,,0.31,0.495,,,127,42.6,0.769,,
W,W8X31,W8X31,31,9.13,8,,,8,,0.285,0.435,,,110,37.1,0.536,,
W,W8X28,W8X28,28,8.25,8.06,,,6.54,,0.285,0.465,,,98,21.7,0.537,,
W,W8X24,W8X24,24,7.08,7.93,,,6.5,,0.245,0.4,,,82.7,18.3,0.346,,
W,W8X21,W8X21,21,6.16,8.28,,,5.27,,0.25,0.4,,,75.3,9.77,0.282,,
W,W8X18,W8X18,18,5.26,8.14,,,5.25,,0.23,0.33,,,61.9,7.97,0.172,,
W,W8X15,W8X15,15,4.44,8.11,,,4.02,,0.245,0.315,,,48,3.41,0.137,,
W,W8X13,W8X13,13,3.84,7.99,,,4,,0.23,0.255,,,39.6,2.73,0.0871,,
W,W8X10,W8X10,10,2.96,7.89,,,3.94,,0.17,0.205,,,30.8,2.09,0.0426,,
W,W6X25,W6X25,25,7.34,6.38,,,6.08,,0.32,0.455,,,53.4,17.1,0.461,,
W,W6X20,W6X20,20,5.87,6.2,,,6.02,,0.26,0.365,,,41.4,13.3,0.24,,
W,W6X15,W6X15,15,4.43,5.99,,,5.99,,0.23,0.26,,,29.1,9.32,0.101,,
W,W6X16,W6X16,16,4.74,6.28,,,4.03,,0.26,0.405,,,32.1,4.43,0.223,,
W,W6X12,W6X12,12,3.55,6.03,,,4,,0.23,0.28,,,22.1,2.99,0.0903,,
W,W6X9,W6X9,9,2.68,5.9,,,3.94,,0.17,0.215,,,16.4,2.2,0.0405,,
W,W6X8.5,W6X8.5,8.5,2.52,5.83,,,3.94,,0.17,0.195,,,14.9,1.99,0.0333,,
W,W5X19,W5X19,19,5.56,5.15,,,5.03,,0.27,0.43,,,26.3,9.13,0.316,,
W,W5X16,W5X16,16,4.71,5.01,,,5,,0.24,0.36,,,21.4,7.51,0.192,,
W,W4X13,W4X13,13,3.83,4.16,,,4.06,,0.28,0.345,,,11.3,3.86,0.151,,
M,M12.5X12.4,M12.5X12.4,12.4,3.63,12.5,,,3.75,,0.155,0.228,,,89.3,2.01,0.0493,,
M,M12.5X11.6,M12.5X11.6,11.6,3.4,12.5,,,3.5,,0.155,0.211,,,80.3,1.51,0.0414,,
M,M12X11.8,M12X11.8,11.8,3.47,12,,,3.07,,0.177,0.225,,,72.2,1.09,0.05,,
M,M12X10.8,M12X10.8,10.8,3.18,12,,,3.07,,0.16,0.21,,,66.7,1.01,0.0393,,
M,M12X10,M12X10,10,2.95,12,,,3.25,,0.149,0.18,,,61.7,1.03,0.0292,,
M,M10X9,M10X9,9,2.65,10,,,2.69,,0.157,0.206,,,39,0.672,0.0314,,
M,M10X8,M10X8,8,2.37,9.95,,,2.69,,0.141,0.182,,,34.6,0.593,0.0224,,
M,M10X7.5,M10X7.5,7.5,2.22,9.99,,,2.69,,0.13,0.173,,,33,0.562,0.0187,,
M,M8X6.5,M8X6.5,6.5,1.92,8,,,2.28,,0.135,0.189,,,18.5,0.376,0.0184,,
M,M8X6.2,M8X6.2,6.2,1.82,8,,,2.28,,0.129,0.177,,,17.6,0.352,0.0156,,
M,M6X4.4,M6X4.4,4.4,1.29,6,,,1.84,,0.114,0.171,,,7.23,0.18,0.0099,,
M,M6X3.7,M6X3.7,3.7,1.09,5.92,,,2,,0.098,0.129,,,5.96,0.173,0.0053,,
M,M5X18.9,M5X18.9,18.9,5.56,5,,,5,,0.316,0.416,,,24.2,8.7,0.313,,
M,M4X6,M4X6,6,1.75,3.8,,,3.8,,0.13,0.16,,,4.72,1.47,0.0184,,
M,M4X4.08,M4X4.08,4.08,1.27,4,,,2.25,,0.115,0.17,,,3.53,0.325,0.0147,,
M,M3X2.9,M3X2.9,2.9,0.914,3,,,2.25,,0.09,0.13,,,1.5,0.248,0.0079,,
S,S24X121,S24X121,121,35.5,24.5,,,8.05,,0.8,1.09,,,3160,83,12.8,,
S,S24X106,S24X106,106,31.1,24.5,,,7.87,,0.62,1.09,,,2940,76.8,10.1,,
S,S24X100,S24X100,100,29.3,24,,,7.25,,0.745,0.87,,,2380,47.4,7.59,,
S,S24X90,S24X90,90,26.5,24,,,7.13,,0.625,0.87,,,2250,44.7,6.05,,
S,S24X80,S24X80,80,23.5,24,,,7,,0.5,0.87,,,2100,42,4.89,,
S,S20X96,S20X96,96,28.2,20.3,,,7.2,,0.8,0.92,,,1670,49.9,8.4,,
S,S20X86,S20X86,86,25.3,20.3,,,7.06,,0.66,0.92,,,1570,46.6,6.65,,
S,S20X75,S20X75,75,22,20,,,6.39,,0.635,0.795,,,1280,29.5,4.59,,
S,S20X66,S20X66,66,19.4,20,,,6.26,,0.505,0.795,,,1190,27.5,3.58,,
S,S18X70,S18X70,70,20.5,18,,,6.25,,0.711,0.691,,,923,24,4.1,,
S,S18X54.7,S18X54.7,54.7,16,18,,,6,,0.461,0.691,,,801,20.7,2.33,,
S,S15X50,S15X50,50,14.7,15,,,5.64,,0.55,0.622,,,485,15.6,2.12,,
S,S15X42.9,S15X42.9,42.9,12.6,15,,,5.5,,0.411,0.622,,,446,14.3,1.54,,
S,S12X50,S12X50,50,14.7,12,,,5.48,,0.687,0.659,,,303,15.6,2.77,,
S,S12X40.8,S12X40.8,40.8,11.9,12,,,5.25,,0.462,0.659,,,270,13.5,1.69,,
S,S12X35,S12X35,35,10.2,12,,,5.08,,0.428,0.544,,,228,9.84,1.05,,
S,S12X31.8,S12X31.8,31.8,9.31,12,,,5,,0.35,0.544,,,217,9.33,0.878,,
S,S10X35,S10X35,35,10.3,10,,,4.94,,0.594,0.491,,,147,8.3,1.29,,
S,S10X25.4,S10X25.4,25.4,7.45,10,,,4.66,,0.311,0.491,,,123,6.73,0.603,,
S,S8X23,S8X23,23,6.76,8,,,4.17,,0.441,0.425,,,64.7,4.27,0.55,,
S,S8X18.4,S8X18.4,18.4,5.4,8,,,4,,0.271,0.425,,,57.5,3.69,0.335,,
S,S6X17.25,S6X17.25,17.25,5.05,6,,,3.57,,0.465,0.359,,,26.2,2.29,0.371,,
S,S6X12.5,S6X12.5,12.5,3.66,6,,,3.33,,0.232,0.359,,,22,1.8,0.167,,
S,S5X10,S5X10,10,2.93,5,,,3,,0.214,0.326,,,12.3,1.19,0.114,,
S,S4X9.5,S4X9.5,9.5,2.79,4,,,2.8,,0.326,0.293,,,6.76,0.887,0.12,,
S,S4X7.7,S4X7.7,7.7,2.26,4,,,2.66,,0.193,0.293,,,6.05,0.748,0.0732,,
S,S3X7.5,S3X7.5,7.5,2.2,3,,,2.51,,0.349,0.26,,,2.91,0.578,0.0896,,
S,S3X5.7,S3X5.7,5.7,1.66,3,,,2.33,,0.17,0.26,,,2.5,0.447,0.0433,,
HP,HP18X204,HP18X204,204,60.2,18.3,,,18.1,,1.13,1.13,,,3480,1120,29.5,,
HP,HP18X181,HP18X181,181,53.2,18,,,18,,1,1,,,3020,974,20.7,,
HP,HP18X157,HP18X157,157,46.2,17.7,,,17.9,,0.87,0.87,,,2570,833,13.9,,
HP,HP18X135,HP18X135,135,39.9,17.5,,,17.8,,0.75,0.75,,,2200,706,9.12,,
HP,HP16X183,HP16X183,183,54.1,16.5,,,16.3,,1.13,1.13,,,2510,818,26.9,,
HP,HP16X162,HP16X162,162,47.7,16.3,,,16.1,,1,1,,,2190,697,18.8,,
HP,HP16X141,HP16X141,141,41.7,16,,,16,,0.875,0.875,,,1870,599,12.9,,
HP,HP16X121,HP16X121,121,35.8,15.8,,,15.9,,0.75,0.75,,,1590,504,8.35,,
HP,HP16X101,HP16X101,101,29.9,15.5,,,15.8,,0.625,0.625,,,1300,412,5.07,,
HP,HP16X88,HP16X88,88,25.8,15.3,,,15.7,,0.54,0.54,,,1110,349,3.45,,
HP,HP14X117,HP14X117,117,34.4,14.2,,,14.9,,0.805,0.805,,,1220,443,8.02,,
HP,HP14X102,HP14X102,102,30.1,14,,,14.8,,0.705,0.705,,,1050,380,5.39,,
HP,HP14X89,HP14X89,89,26.1,13.8,,,14.7,,0.615,0.615,,,904,326,3.59,,
HP,HP14X73,HP14X73,73,21.4,13.6,,,14.6,,0.505,0.505,,,729,261,2.01,,
HP,HP12X89,HP12X89,89,25.9,12.4,,,12.3,,0.72,0.72,,,693,224,4.92,,
HP,HP12X84,HP12X84,84,24.6,12.3,,,12.3,,0.685,0.685,,,650,213,4.24,,
HP,HP12X74,HP12X74,74,21.8,12.1,,,12.2,,0.605,0.61,,,569,186,2.98,,
HP,HP12X63,HP12X63,63,18.4,11.9,,,12.1,,0.515,0.515,,,472,153,1.83,,
HP,HP12X53,HP12X53,53,15.5,11.8,,,12,,0.435,0.435,,,393,127,1.12,,
HP,HP10X57,HP10X57,57,16.7,9.99,,,10.2,,0.565,0.565,,,294,101,1.97,,
HP,HP10X42,HP10X42,42,12.4,9.7,,,10.1,,0.415,0.42,,,210,71.7,0.813,,
HP,HP8X36,HP8X36,36,10.6,8.02,,,8.16,,0.445,0.445,,,119,40.3,0.77,,
C,C15X50,C15X50,50,14.7,15,,,3.72,,0.716,0.65,,,404,11,2.65,,
C,C15X40,C15X40,40,11.8,15,,,3.52,,0.52,0.65,,,348,9.17,1.45,,
C,C15X33.9,C15X33.9,33.9,10,15,,,3.4,,0.4,0.65,,,315,8.07,1.01,,
C,C12X30,C12X30,30,8.81,12,,,3.17,,0.51,0.501,,,162,5.12,0.861,,
C,C12X25,C12X25,25,7.34,12,,,3.05,,0.387,0.501,,,144,4.45,0.538,,
C,C12X20.7,C12X20.7,20.7,6.08,12,,,2.94,,0.282,0.501,,,129,3.86,0.369,,
C,C10X30,C10X30,30,8.81,10,,,3.03,,0.673,0.436,,,103,3.93,1.22,,
C,C10X25,C10X25,25,7.35,10,,,2.89,,0.526,0.436,,,91.1,3.34,0.687,,
C,C10X20,C10X20,20,5.87,10,,,2.74,,0.379,0.436,,,78.9,2.8,0.368,,
C,C10X15.3,C10X15.3,15.3,4.48,10,,,2.6,,0.24,0.436,,,67.3,2.27,0.209,,
C,C9X20,C9X20,20,5.87,9,,,2.65,,0.448,0.413,,,60.9,2.41,0.427,,
C,C9X15,C9X15,15,4.4,9,,,2.49,,0.285,0.413,,,51,1.91,0.208,,
C,C9X13.4,C9X13.4,13.4,3.94,9,,,2.43,,0.233,0.413,,,47.8,1.75,0.168,,
C,C8X18.75,C8X18.75,18.75,5.51,8,,,2.53,,0.487,0.39,,,43.9,1.97,0.434,,
C,C8X13.75,C8X13.75,13.75,4.03,8,,,2.34,,0.303,0.39,,,36.1,1.52,0.186,,
C,C8X11.5,C8X11.5,11.5,3.37,8,,,2.26,,0.22,0.39,,,32.5,1.31,0.13,,
C,C7X14.75,C7X14.75,14.75,4.33,7,,,2.3,,0.419,0.366,,,27.2,1.37,0.267,,
C,C7X12.25,C7X12.25,12.25,3.59,7,,,2.19,,0.314,0.366,,,24.2,1.16,0.161,,
C,C7X9.8,C7X9.8,9.8,2.87,7,,,2.09,,0.21,0.366,,,21.2,0.957,0.0996,,
C,C6X13,C6X13,13,3.82,6,,,2.16,,0.437,0.343,,,17.3,1.05,0.237,,
C,C6X10.5,C6X10.5,10.5,3.07,6,,,2.03,,0.314,0.343,,,15.1,0.86,0.128,,
C,C6X8.2,C6X8.2,8.2,2.39,6,,,1.92,,0.2,0.343,,,13.1,0.687,0.0736,,
C,C5X9,C5X9,9,2.64,5,,,1.89,,0.325,0.32,,,8.89,0.624,0.109,,
C,C5X6.7,C5X6.7,6.7,1.97,5,,,1.75,,0.19,0.32,,,7.48,0.47,0.0549,,
C,C4X7.25,C4X7.25,7.25,2.13,4,,,1.72,,0.321,0.296,,,4.58,0.425,0.0817,,
C,C4X6.25,C4X6.25,6.25,1.84,4,,,1.65,,0.247,0.296,,,4.19,0.374,0.0549,,
C,C4X5.4,C4X5.4,5.4,1.58,4,,,1.58,,0.184,0.296,,,3.85,0.312,0.0399,,
C,C4X4.5,C4X4.5,4.5,1.34,4,,,1.52,,0.125,0.296,,,3.53,0.265,0.0306,,
C,C3X6,C3X6,6,1.76,3,,,1.6,,0.356,0.273,,,2.07,0.3,0.0725,,
C,C3X5,C3X5,5,1.47,3,,,1.5,,0.258,0.273,,,1.85,0.241,0.0425,,
C,C3X4.1,C3X4.1,4.1,1.2,3,,,1.41,,0.17,0.273,,,1.65,0.191,0.0269,,
C,C3X3.5,C3X3.5,3.5,1.09,3,,,1.37,,0.132,0.273,,,1.57,0.169,0.0226,,
MC,MC18X58,MC18X58,58,17.1,18,,,4.2,,0.7,0.625,,,675,17.6,2.81,,
MC,MC18X51.9,MC18X51.9,51.9,15.3,18,,,4.1,,0.6,0.625,,,627,16.3,2.03,,
MC,MC18X45.8,MC18X45.8,45.8,13.5,18,,,4,,0.5,0.625,,,578,14.9,1.45,,
MC,MC18X42.7,MC18X42.7,42.7,12.6,18,,,3.95,,0.45,0.625,,,554,14.3,1.23,,
MC,MC13X50,MC13X50,50,14.7,13,,,4.41,,0.787,0.61,,,314,16.4,2.96,,
MC,MC13X40,MC13X40,40,11.7,13,,,4.19,,0.56,0.61,,,273,13.7,1.55,,
MC,MC13X35,MC13X35,35,10.3,13,,,4.07,,0.447,0.61,,,252,12.3,1.13,,
MC,MC13X31.8,MC13X31.8,31.8,9.35,13,,,4,,0.375,0.61,,,239,11.4,0.937,,
MC,MC12X50,MC12X50,50,14.7,12,,,4.14,,0.835,0.7,,,269,17.4,3.23,,
MC,MC12X45,MC12X45,45,13.2,12,,,4.01,,0.71,0.7,,,251,15.8,2.33,,
MC,MC12X40,MC12X40,40,11.8,12,,,3.89,,0.59,0.7,,,234,14.2,1.69,,
MC,MC12X35,MC12X35,35,10.3,12,,,3.77,,0.465,0.7,,,216,12.6,1.24,,
MC,MC12X31,MC12X31,31,9.12,12,,,3.67,,0.37,0.7,,,202,11.3,1,,
MC,MC12X14.3,MC12X14.3,14.3,4.18,12,,,2.12,,0.25,0.313,,,76.1,1,0.117,,
MC,MC12X10.6,MC12X10.6,10.6,3.1,12,,,1.5,,0.19,0.309,,,55.3,0.378,0.0596,,
MC,MC10X41.1,MC10X41.1,41.1,12.1,10,,,4.32,,0.796,0.575,,,157,15.7,2.26,,
MC,MC10X33.6,MC10X33.6,33.6,9.87,10,,,4.1,,0.575,0.575,,,139,13.1,1.2,,
MC,MC10X28.5,MC10X28.5,28.5,8.37,10,,,3.95,,0.425,0.575,,,126,11.3,0.791,,
MC,MC10X25,MC10X25,25,7.34,10,,,3.41,,0.38,0.575,,,110,7.25,0.638,,
MC,MC10X22,MC10X22,22,6.45,10,,,3.32,,0.29,0.575,,,102,6.4,0.51,,
MC,MC10X8.4,MC10X8.4,8.4,2.46,10,,,1.5,,0.17,0.28,,,31.9,0.326,0.0413,,
MC,MC10X6.5,MC10X6.5,6.5,1.95,10,,,1.17,,0.152,0.202,,,22.9,0.133,0.0191,,
MC,MC9X25.4,MC9X25.4,25.4,7.47,9,,,3.5,,0.45,0.55,,,87.9,7.57,0.691,,
MC,MC9X23.9,MC9X23.9,23.9,7.02,9,,,3.45,,0.4,0.55,,,84.9,7.14,0.599,,
MC,MC8X22.8,MC8X22.8,22.8,6.7,8,,,3.5,,0.427,0.525,,,63.8,7.01,0.572,,
MC,MC8X21.4,MC8X21.4,21.4,6.28,8,,,3.45,,0.375,0.525,,,61.5,6.58,0.495,,
MC,MC8X20,MC8X20,20,5.87,8,,,3.03,,0.4,0.5,,,54.4,4.42,0.441,,
MC,MC8X18.7,MC8X18.7,18.7,5.5,8,,,2.98,,0.353,0.5,,,52.4,4.15,0.38,,
MC,MC8X8.5,MC8X8.5,8.5,2.5,8,,,1.87,,0.179,0.311,,,23.3,0.624,0.0587,,
MC,MC7X22.7,MC7X22.7,22.7,6.67,7,,,3.6,,0.503,0.5,,,47.4,7.24,0.625,,
MC,MC7X19.1,MC7X19.1,19.1,5.61,7,,,3.45,,0.352,0.5,,,43.1,6.06,0.407,,
MC,MC6X18,MC6X18,18,5.29,6,,,3.5,,0.379,0.475,,,29.7,5.88,0.379,,
MC,MC6X15.3,MC6X15.3,15.3,4.49,6,,,3.5,,0.34,0.385,,,25.3,4.91,0.223,,
MC,MC6X16.3,MC6X16.3,16.3,4.79,6,,,3,,0.375,0.475,,,26,3.77,0.336,,
MC,MC6X15.1,MC6X15.1,15.1,4.44,6,,,2.94,,0.316,0.475,,,24.9,3.46,0.285,,
MC,MC6X12,MC6X12,12,3.53,6,,,2.5,,0.31,0.375,,,18.7,1.85,0.155,,
MC,MC6X7,MC6X7,7,2.09,6,,,1.88,,0.179,0.291,,,11.4,0.603,0.0464,,
MC,MC6X6.5,MC6X6.5,6.5,1.95,6,,,1.85,,0.155,0.291,,,11,0.565,0.0412,,
MC,MC4X13.8,MC4X13.8,13.8,4.03,4,,,2.5,,0.5,0.5,,,8.85,2.13,0.373,,
MC,MC3X7.1,MC3X7.1,7.1,2.11,3,,,1.94,,0.312,0.351,,,2.72,0.666,0.0928,,
L,L12X12X1-3/8,L12X12X1-3/8,105,31.1,12,,,,,,,,,413,413,19.9,12,1.38
L,L12X12X1-1/4,L12X12X1-1/4,96.4,28.4,12,,,,,,,,,381,381,14.9,12,1.25
L,L12X12X1-1/8,L12X12X1-1/8,87.2,25.8,12,,,,,,,,,350,350,11.1,12,1.13
L,L12X12X1,L12X12X1,77.8,23,12,,,,,,,,,315,315,7.8,12,1
L,L10X10X1-3/8,L10X10X1-3/8,87.1,25.6,10,,,,,,,,,231,231,16.4,10,1.38
L,L10X10X1-1/4,L10X10X1-1/4,79.9,23.4,10,,,,,,,,,213,213,12.3,10,1.25
L,L10X10X1-1/8,L10X10X1-1/8,72.3,21.3,10,,,,,,,,,196,196,9.21,10,1.13
L,L10X10X1,L10X10X1,64.7,19,10,,,,,,,,,177,177,6.46,10,1
L,L10X10X7/8,L10X10X7/8,56.9,16.8,10,,,,,,,,,158,158,4.39,10,0.875
L,L10X10X3/4,L10X10X3/4,49.1,14.5,10,,,,,,,,,139,139,2.8,10,0.75
L,L8X8X1-1/8,L8X8X1-1/8,56.9,16.8,8,,,,,,,,,98.1,98.1,7.13,8,1.13
L,L8X8X1,L8X8X1,51,15.1,8,,,,,,,,,89.1,89.1,5.08,8,1
L,L8X8X7/8,L8X8X7/8,45,13.3,8,,,,,,,,,79.7,79.7,3.46,8,0.875
L,L8X8X3/4,L8X8X3/4,38.9,11.5,8,,,,,,,,,69.9,69.9,2.21,8,0.75
L,L8X8X5/8,L8X8X5/8,32.7,9.69,8,,,,,,,,,59.6,59.6,1.3,8,0.625
L,L8X8X9/16,L8X8X9/16,29.6,8.77,8,,,,,,,,,54.2,54.2,0.961,8,0.563
L,L8X8X1/2,L8X8X1/2,26.4,7.84,8,,,,,,,,,48.8,48.8,0.683,8,0.5
L,L8X6X1,L8X6X1,44.2,13.1,6,,,,,,,,,80.9,38.8,4.34,8,1
L,L8X6X7/8,L8X6X7/8,39.1,11.5,6,,,,,,,,,72.4,34.9,2.96,8,0.875
L,L8X6X3/4,L8X6X3/4,33.8,9.99,6,,,,,,,,,63.5,30.8,1.9,8,0.75
L,L8X6X5/8,L8X6X5/8,28.5,8.41,6,,,,,,,,,54.2,26.4,1.12,8,0.625
L,L8X6X9/16,L8X6X9/16,25.7,7.61,6,,,,,,,,,49.4,24.1,0.823,8,0.563
L,L8X6X1/2,L8X6X1/2,23,6.8,6,,,,,,,,,44.4,21.7,0.584,8,0.5
L,L8X6X7/16,L8X6X7/16,20.2,5.99,6,,,,,,,,,39.3,19.3,0.396,8,0.438
L,L8X4X1,L8X4X1,37.4,11.1,4,,,,,,,,,69.7,11.6,3.68,8,1
L,L8X4X7/8,L8X4X7/8,33.1,9.79,4,,,,,,,,,62.6,10.5,2.51,8,0.875
L,L8X4X3/4,L8X4X3/4,28.7,8.49,4,,,,,,,,,55,9.37,1.61,8,0.75
L,L8X4X5/8,L8X4X5/8,24.2,7.16,4,,,,,,,,,47,8.11,0.955,8,0.625
L,L8X4X9/16,L8X4X9/16,21.9,6.49,4,,,,,,,,,42.9,7.44,0.704,8,0.563
L,L8X4X1/2,L8X4X1/2,19.6,5.8,4,,,,,,,,,38.6,6.75,0.501,8,0.5
L,L8X4X7/16,L8X4X7/16,17.2,5.11,4,,,,,,,,,34.2,6.03,0.34,8,0.438
L,L7X4X3/4,L7X4X3/4,26.2,7.74,4,,,,,,,,,37.8,9,1.47,7,0.75
L,L7X4X5/8,L7X4X5/8,22.1,6.5,4,,,,,,,,,32.4,7.79,0.868,7,0.625
L,L7X4X1/2,L7X4X1/2,17.9,5.26,4,,,,,,,,,26.6,6.48,0.456,7,0.5
L,L7X4X7/16,L7X4X7/16,15.7,4.63,4,,,,,,,,,23.6,5.79,0.31,7,0.438
L,L7X4X3/8,L7X4X3/8,13.6,4,4,,,,,,,,,20.5,5.06,0.198,7,0.375
L,L6X6X1,L6X6X1,37.4,11,6,,,,,,,,,35.4,35.4,3.68,6,1
L,L6X6X7/8,L6X6X7/8,33.1,9.75,6,,,,,,,,,31.9,31.9,2.51,6,0.875
L,L6X6X3/4,L6X6X3/4,28.7,8.46,6,,,,,,,,,28.1,28.1,1.61,6,0.75
L,L6X6X5/8,L6X6X5/8,24.2,7.13,6,,,,,,,,,24.1,24.1,0.955,6,0.625
L,L6X6X9/16,L6X6X9/16,21.9,6.45,6,,,,,,,,,22,22,0.704,6,0.563
L,L6X6X1/2,L6X6X1/2,19.6,5.77,6,,,,,,,,,19.9,19.9,0.501,6,0.5
L,L6X6X7/16,L6X6X7/16,17.2,5.08,6,,,,,,,,,17.6,17.6,0.34,6,0.438
L,L6X6X3/8,L6X6X3/8,14.9,4.38,6,,,,,,,,,15.4,15.4,0.218,6,0.375
L,L6X6X5/16,L6X6X5/16,12.4,3.67,6,,,,,,,,,13,13,0.129,6,0.313
L,L6X4X7/8,L6X4X7/8,27.2,8,4,,,,,,,,,27.7,9.7,2.03,6,0.875
L,L6X4X3/4,L6X4X3/4,23.6,6.94,4,,,,,,,,,24.5,8.63,1.31,6,0.75
L,L6X4X5/8,L6X4X5/8,20,5.86,4,,,,,,,,,21,7.48,0.775,6,0.625
L,L6X4X9/16,L6X4X9/16,18.1,5.31,4,,,,,,,,,19.2,6.86,0.572,6,0.563
L,L6X4X1/2,L6X4X1/2,16.2,4.75,4,,,,,,,,,17.3,6.22,0.407,6,0.5
L,L6X4X7/16,L6X4X7/16,14.3,4.18,4,,,,,,,,,15.4,5.56,0.276,6,0.438
L,L6X4X3/8,L6X4X3/8,12.3,3.61,4,,,,,,,,,13.4,4.86,0.177,6,0.375
L,L6X4X5/16,L6X4X5/16,10.3,3.03,4,,,,,,,,,11.4,4.13,0.104,6,0.313
L,L6X3-1/2X1/2,L6X3-1/2X1/2,15.3,4.5,3.5,,,,,,,,,16.6,4.24,0.386,6,0.5
L,L6X3-1/2X3/8,L6X3-1/2X3/8,11.7,3.44,3.5,,,,,,,,,12.9,3.33,0.168,6,0.375
L,L6X3-1/2X5/16,L6X3-1/2X5/16,9.8,2.89,3.5,,,,,,,,,10.9,2.84,0.099,6,0.313
L,L5X5X7/8,L5X5X7/8,27.2,8,5,,,,,,,,,17.8,17.8,2.07,5,0.875
L,L5X5X3/4,L5X5X3/4,23.6,6.98,5,,,,,,,,,15.7,15.7,1.33,5,0.75
L,L5X5X5/8,L5X5X5/8,20,5.9,5,,,,,,,,,13.6,13.6,0.792,5,0.625
L,L5X5X1/2,L5X5X1/2,16.2,4.79,5,,,,,,,,,11.3,11.3,0.417,5,0.5
L,L5X5X7/16,L5X5X7/16,14.3,4.22,5,,,,,,,,,10,10,0.284,5,0.438
L,L5X5X3/8,L5X5X3/8,12.3,3.65,5,,,,,,,,,8.76,8.76,0.183,5,0.375
L,L5X5X5/16,L5X5X5/16,10.3,3.07,5,,,,,,,,,7.44,7.44,0.108,5,0.313
L,L5X3-1/2X3/4,L5X3-1/2X3/4,19.8,5.85,3.5,,,,,,,,,13.9,5.52,1.09,5,0.75
L,L5X3-1/2X5/8,L5X3-1/2X5/8,16.8,4.93,3.5,,,,,,,,,12,4.8,0.651,5,0.625
L,L5X3-1/2X1/2,L5X3-1/2X1/2,13.6,4,3.5,,,,,,,,,10,4.02,0.343,5,0.5
L,L5X3-1/2X3/8,L5X3-1/2X3/8,10.4,3.05,3.5,,,,,,,,,7.75,3.15,0.15,5,0.375
L,L5X3-1/2X5/16,L5X3-1/2X5/16,8.7,2.56,3.5,,,,,,,,,6.58,2.69,0.0883,5,0.313
L,L5X3-1/2X1/4,L5X3-1/2X1/4,7,2.07,3.5,,,,,,,,,5.36,2.2,0.0464,5,0.25
L,L5X3X1/2,L5X3X1/2,12.8,3.75,3,,,,,,,,,9.43,2.55,0.322,5,0.5
L,L5X3X7/16,L5X3X7/16,11.3,3.31,3,,,,,,,,,8.41,2.29,0.22,5,0.438
L,L5X3X3/8,L5X3X3/8,9.8,2.86,3,,,,,,,,,7.35,2.01,0.141,5,0.375
L,L5X3X5/16,L5X3X5/16,8.2,2.41,3,,,,,,,,,6.24,1.72,0.0832,5,0.313
L,L5X3X1/4,L5X3X1/4,6.6,1.94,3,,,,,,,,,5.09,1.41,0.0438,5,0.25
L,L4X4X3/4,L4X4X3/4,18.5,5.44,4,,,,,,,,,7.62,7.62,1.02,4,0.75
L,L4X4X5/8,L4X4X5/8,15.7,4.61,4,,,,,,,,,6.62,6.62,0.61,4,0.625
L,L4X4X1/2,L4X4X1/2,12.8,3.75,4,,,,,,,,,5.52,5.52,0.322,4,0.5
L,L4X4X7/16,L4X4X7/16,11.3,3.3,4,,,,,,,,,4.93,4.93,0.22,4,0.438
L,L4X4X3/8,L4X4X3/8,9.8,2.86,4,,,,,,,,,4.32,4.32,0.141,4,0.375
L,L4X4X5/16,L4X4X5/16,8.2,2.4,4,,,,,,,,,3.67,3.67,0.0832,4,0.313
L,L4X4X1/4,L4X4X1/4,6.6,1.93,4,,,,,,,,,3,3,0.0438,4,0.25
L,L4X3-1/2X1/2,L4X3-1/2X1/2,11.9,3.5,3.5,,,,,,,,,5.3,3.76,0.301,4,0.5
L,L4X3-1/2X3/8,L4X3-1/2X3/8,9.1,2.68,3.5,,,,,,,,,4.15,2.96,0.132,4,0.375
L,L4X3-1/2X5/16,L4X3-1/2X5/16,7.7,2.25,3.5,,,,,,,,,3.53,2.52,0.0782,4,0.313
L,L4X3-1/2X1/4,L4X3-1/2X1/4,6.2,1.82,3.5,,,,,,,,,2.89,2.07,0.0412,4,0.25
L,L4X3X5/8,L4X3X5/8,13.6,3.99,3,,,,,,,,,6.01,2.85,0.529,4,0.625
L,L4X3X1/2,L4X3X1/2,11.1,3.25,3,,,,,,,,,5.02,2.4,0.281,4,0.5
L,L4X3X3/8,L4X3X3/8,8.5,2.49,3,,,,,,,,,3.94,1.89,0.123,4,0.375
L,L4X3X5/16,L4X3X5/16,7.2,2.09,3,,,,,,,,,3.36,1.62,0.0731,4,0.313
L,L4X3X1/4,L4X3X1/4,5.8,1.69,3,,,,,,,,,2.75,1.33,0.0386,4,0.25
L,L3-1/2X3-1/2X1/2,L3-1/2X3-1/2X1/2,11.1,3.25,3.5,,,,,,,,,3.63,3.63,0.281,3.5,0.5
L,L3-1/2X3-1/2X7/16,L3-1/2X3-1/2X7/16,9.8,2.89,3.5,,,,,,,,,3.25,3.25,0.192,3.5,0.438
L,L3-1/2X3-1/2X3/8,L3-1/2X3-1/2X3/8,8.5,2.5,3.5,,,,,,,,,2.86,2.86,0.123,3.5,0.375
L,L3-1/2X3-1/2X5/16,L3-1/2X3-1/2X5/16,7.2,2.1,3.5,,,,,,,,,2.44,2.44,0.0731,3.5,0.313
L,L3-1/2X3-1/2X1/4,L3-1/2X3-1/2X1/4,5.8,1.7,3.5,,,,,,,,,2,2,0.0386,3.5,0.25
L,L3-1/2X3X1/2,L3-1/2X3X1/2,10.2,3.02,3,,,,,,,,,3.45,2.32,0.26,3.5,0.5
L,L3-1/2X3X7/16,L3-1/2X3X7/16,9.1,2.67,3,,,,,,,,,3.1,2.09,0.178,3.5,0.438
L,L3-1/2X3X3/8,L3-1/2X3X3/8,7.9,2.32,3,,,,,,,,,2.73,1.84,0.114,3.5,0.375
L,L3-1/2X3X5/16,L3-1/2X3X5/16,6.6,1.95,3,,,,,,,,,2.33,1.58,0.068,3.5,0.313
L,L3-1/2X3X1/4,L3-1/2X3X1/4,5.4,1.58,3,,,,,,,,,1.92,1.3,0.036,3.5,0.25
L,L3-1/2X2-1/2X1/2,L3-1/2X2-1/2X1/2,9.4,2.77,2.5,,,,,,,,,3.24,1.36,0.234,3.5,0.5
L,L3-1/2X2-1/2X3/8,L3-1/2X2-1/2X3/8,7.2,2.12,2.5,,,,,,,,,2.56,1.09,0.103,3.5,0.375
L,L3-1/2X2-1/2X5/16,L3-1/2X2-1/2X5/16,6.1,1.79,2.5,,,,,,,,,2.2,0.937,0.0611,3.5,0.313
L,L3-1/2X2-1/2X1/4,L3-1/2X2-1/2X1/4,4.9,1.45,2.5,,,,,,,,,1.81,0.775,0.0322,3.5,0.25
L,L3X3X1/2,L3X3X1/2,9.4,2.76,3,,,,,,,,,2.2,2.2,0.23,3,0.5
L,L3X3X7/16,L3X3X7/16,8.3,2.43,3,,,,,,,,,1.98,1.98,0.157,3,0.438
L,L3X3X3/8,L3X3X3/8,7.2,2.11,3,,,,,,,,,1.75,1.75,0.101,3,0.375
L,L3X3X5/16,L3X3X5/16,6.1,1.78,3,,,,,,,,,1.5,1.5,0.0597,3,0.313
L,L3X3X1/4,L3X3X1/4,4.9,1.44,3,,,,,,,,,1.23,1.23,0.0313,3,0.25
L,L3X3X3/16,L3X3X3/16,3.71,1.09,3,,,,,,,,,0.948,0.948,0.0136,3,0.188
L,L3X2-1/2X1/2,L3X2-1/2X1/2,8.5,2.5,2.5,,,,,,,,,2.07,1.29,0.213,3,0.5
L,L3X2-1/2X7/16,L3X2-1/2X7/16,7.6,2.22,2.5,,,,,,,,,1.87,1.17,0.146,3,0.438
L,L3X2-1/2X3/8,L3X2-1/2X3/8,6.6,1.93,2.5,,,,,,,,,1.65,1.03,0.0943,3,0.375
L,L3X2-1/2X5/16,L3X2-1/2X5/16,5.6,1.63,2.5,,,,,,,,,1.41,0.888,0.056,3,0.313
L,L3X2-1/2X1/4,L3X2-1/2X1/4,4.5,1.32,2.5,,,,,,,,,1.16,0.734,0.0296,3,0.25
L,L3X2-1/2X3/16,L3X2-1/2X3/16,3.39,1,2.5,,,,,,,,,0.899,0.568,0.013,3,0.188
L,L3X2X1/2,L3X2X1/2,7.7,2.26,2,,,,,,,,,1.92,0.667,0.192,3,0.5
L,L3X2X3/8,L3X2X3/8,5.9,1.75,2,,,,,,,,,1.54,0.539,0.0855,3,0.375
L,L3X2X5/16,L3X2X5/16,5,1.48,2,,,,,,,,,1.32,0.467,0.051,3,0.313
L,L3X2X1/4,L3X2X1/4,4.1,1.2,2,,,,,,,,,1.09,0.39,0.027,3,0.25
L,L3X2X3/16,L3X2X3/16,3.07,0.917,2,,,,,,,,,0.847,0.305,0.0119,3,0.188
L,L2-1/2X2-1/2X1/2,L2-1/2X2-1/2X1/2,7.7,2.26,2.5,,,,,,,,,1.22,1.22,0.188,2.5,0.5
L,L2-1/2X2-1/2X3/8,L2-1/2X2-1/2X3/8,5.9,1.73,2.5,,,,,,,,,0.972,0.972,0.0833,2.5,0.375
L,L2-1/2X2-1/2X5/16,L2-1/2X2-1/2X5/16,5,1.46,2.5,,,,,,,,,0.837,0.837,0.0495,2.5,0.313
L,L2-1/2X2-1/2X1/4,L2-1/2X2-1/2X1/4,4.1,1.19,2.5,,,,,,,,,0.692,0.692,0.0261,2.5,0.25
L,L2-1/2X2-1/2X3/16,L2-1/2X2-1/2X3/16,3.07,0.901,2.5,,,,,,,,,0.535,0.535,0.0114,2.5,0.188
L,L2-1/2X2X3/8,L2-1/2X2X3/8,5.3,1.55,2,,,,,,,,,0.914,0.513,0.0746,2.5,0.375
L,L2-1/2X2X5/16,L2-1/2X2X5/16,4.5,1.32,2,,,,,,,,,0.79,0.446,0.0444,2.5,0.313
L,L2-1/2X2X1/4,L2-1/2X2X1/4,3.62,1.07,2,,,,,,,,,0.656,0.372,0.0235,2.5,0.25
L,L2-1/2X2X3/16,L2-1/2X2X3/16,2.75,0.818,2,,,,,,,,,0.511,0.292,0.0103,2.5,0.188
L,L2-1/2X1-1/2X1/4,L2-1/2X1-1/2X1/4,3.19,0.947,1.5,,,,,,,,,0.594,0.16,0.0209,2.5,0.25
L,L2-1/2X1-1/2X3/16,L2-1/2X1-1/2X3/16,2.44,0.724,1.5,,,,,,,,,0.464,0.126,0.00921,2.5,0.188
L,L2X2X3/8,L2X2X3/8,4.7,1.37,2,,,,,,,,,0.476,0.476,0.0658,2,0.375
L,L2X2X5/16,L2X2X5/16,3.92,1.16,2,,,,,,,,,0.414,0.414,0.0393,2,0.313
L,L2X2X1/4,L2X2X1/4,3.19,0.944,2,,,,,,,,,0.346,0.346,0.0209,2,0.25
L,L2X2X3/16,L2X2X3/16,2.44,0.722,2,,,,,,,,,0.271,0.271,0.00921,2,0.188
L,L2X2X1/8,L2X2X1/8,1.65,0.491,2,,,,,,,,,0.189,0.189,0.00293,2,0.125
WT,WT22X204,WT22X204,204,59.9,22.4,,,16.1,,1.22,2.17,,,2670,758,66.9,,
WT,WT22X184,WT22X184,184,54,22.2,,,16,,1.1,1.97,,,2380,675,49.9,,
WT,WT22X167.5,WT22X167.5,167.5,49.2,22,,,15.9,,1.03,1.77,,,2170,600,37.2,,
WT,WT22X145,WT22X145,145,42.6,21.8,,,15.8,,0.865,1.58,,,1830,521,25.4,,
WT,WT22X131,WT22X131,131,38.5,21.7,,,15.8,,0.785,1.42,,,1640,462,18.6,,
WT,WT22X115,WT22X115,115,33.9,21.5,,,15.8,,0.71,1.22,,,1440,398,12.4,,
WT,WT20X327.5,WT20X327.5,327.5,96.4,21.8,,,16.9,,1.97,3.54,,,3730,1440,293,,
WT,WT20X296.5,WT20X296.5,296.5,87.2,21.5,,,16.7,,1.79,3.23,,,3310,1260,221,,
WT,WT20X251.5,WT20X251.5,251.5,74,21,,,16.4,,1.54,2.76,,,2730,1020,138,,
WT,WT20X215.5,WT20X215.5,215.5,63.3,20.6,,,16.2,,1.34,2.36,,,2290,843,88.2,,
WT,WT20X198.5,WT20X198.5,198.5,58.3,20.5,,,16.1,,1.22,2.2,,,2070,771,70.6,,
WT,WT20X186,WT20X186,186,54.7,20.3,,,16.1,,1.16,2.05,,,1930,709,57.7,,
WT,WT20X181,WT20X181,181,53.2,20.3,,,16,,1.12,2.01,,,1870,691,54.2,,
WT,WT20X162,WT20X162,162,47.7,20.1,,,15.9,,1,1.81,,,1650,609,39.6,,
WT,WT20X148.5,WT20X148.5,148.5,43.6,19.9,,,15.8,,0.93,1.65,,,1500,546,30.5,,
WT,WT20X138.5,WT20X138.5,138.5,40.7,19.8,,,15.8,,0.83,1.58,,,1360,522,25.7,,
WT,WT20X124.5,WT20X124.5,124.5,36.7,19.7,,,15.8,,0.75,1.42,,,1210,463,19,,
WT,WT20X107.5,WT20X107.5,107.5,31.8,19.5,,,15.8,,0.65,1.22,,,1030,398,12.4,,
WT,WT20X99.5,WT20X99.5,99.5,29.2,19.3,,,15.8,,0.65,1.07,,,988,347,9.12,,
WT,WT20X196,WT20X196,196,57.8,20.8,,,12.4,,1.42,2.52,,,2270,401,85.4,,
WT,WT20X165.5,WT20X165.5,165.5,48.8,20.4,,,12.2,,1.22,2.13,,,1880,322,52.5,,
WT,WT20X163.5,WT20X163.5,163.5,47.9,20.4,,,12.1,,1.18,2.13,,,1840,320,51.4,,
WT,WT20X147,WT20X147,147,43.1,20.2,,,12,,1.06,1.93,,,1630,281,38.2,,
WT,WT20X139,WT20X139,139,41,20.1,,,12,,1.03,1.81,,,1550,261,32.4,,
WT,WT20X132,WT20X132,132,38.7,20,,,11.9,,0.96,1.73,,,1450,246,27.9,,
WT,WT20X117.5,WT20X117.5,117.5,34.6,19.8,,,11.9,,0.83,1.58,,,1260,222,20.6,,
WT,WT20X105.5,WT20X105.5,105.5,31.1,19.7,,,11.8,,0.75,1.42,,,1120,195,15.2,,
WT,WT20X91.5,WT20X91.5,91.5,26.7,19.5,,,11.8,,0.65,1.2,,,955,165,9.65,,
WT,WT20X83.5,WT20X83.5,83.5,24.5,19.3,,,11.8,,0.65,1.03,,,899,141,6.99,,
WT,WT20X74.5,WT20X74.5,74.5,21.9,19.1,,,11.8,,0.63,0.83,,,815,114,4.66,,
WT,WT18X462.5,WT18X462.5,462.5,136,21.6,,,18.6,,3.02,4.53,,,5130,2470,707,,
WT,WT18X426.5,WT18X426.5,426.5,126,21.6,,,18.2,,2.52,4.53,,,4480,2300,615,,
WT,WT18X401,WT18X401,401,118,21.3,,,18,,2.38,4.29,,,4110,2100,519,,
WT,WT18X361.5,WT18X361.5,361.5,107,20.9,,,17.8,,2.17,3.9,,,3610,1850,390,,
WT,WT18X326,WT18X326,326,96.2,20.5,,,17.6,,1.97,3.54,,,3160,1610,295,,
WT,WT18X264.5,WT18X264.5,264.5,77.8,19.9,,,17.2,,1.61,2.91,,,2440,1240,163,,
WT,WT18X243.5,WT18X243.5,243.5,71.7,19.7,,,17.1,,1.5,2.68,,,2220,1120,128,,
WT,WT18X220.5,WT18X220.5,220.5,64.9,19.4,,,17,,1.36,2.44,,,1980,997,96.6,,
WT,WT18X197.5,WT18X197.5,197.5,58.1,19.2,,,16.8,,1.22,2.2,,,1740,877,70.7,,
WT,WT18X180.5,WT18X180.5,180.5,53,19,,,16.7,,1.12,2.01,,,1570,786,54.1,,
WT,WT18X165,WT18X165,165,48.4,18.8,,,16.6,,1.02,1.85,,,1410,711,42,,
WT,WT18X151,WT18X151,151,44.5,18.7,,,16.7,,0.945,1.68,,,1280,648,32.1,,
WT,WT18X141,WT18X141,141,41.5,18.6,,,16.6,,0.885,1.57,,,1190,599,26.3,,
WT,WT18X131,WT18X131,131,38.5,18.4,,,16.6,,0.84,1.44,,,1110,545,20.8,,
WT,WT18X123.5,WT18X123.5,123.5,36.3,18.3,,,16.5,,0.8,1.35,,,1040,507,17.3,,
WT,WT18X115.5,WT18X115.5,115.5,34.1,18.2,,,16.5,,0.76,1.26,,,978,470,14.3,,
WT,WT18X193.5,WT18X193.5,193.5,56.8,19.5,,,12.7,,1.42,2.56,,,1910,441,85.3,,
WT,WT18X175,WT18X175,175,51.5,19.3,,,12.6,,1.3,2.32,,,1720,390,64.1,,
WT,WT18X159,WT18X159,159,46.7,19.1,,,12.4,,1.18,2.13,,,1530,341,48.9,,
WT,WT18X143,WT18X143,143,42,18.9,,,12.3,,1.06,1.93,,,1360,301,36.2,,
WT,WT18X128,WT18X128,128,37.6,18.7,,,12.2,,0.96,1.73,,,1210,264,26.4,,
WT,WT18X116,WT18X116,116,34,18.6,,,12.1,,0.87,1.57,,,1080,234,19.7,,
WT,WT18X105,WT18X105,105,30.9,18.3,,,12.2,,0.83,1.36,,,985,206,13.9,,
WT,WT18X97,WT18X97,97,28.5,18.2,,,12.1,,0.765,1.26,,,901,187,11.1,,
WT,WT18X91,WT18X91,91,26.8,18.2,,,12.1,,0.725,1.18,,,845,174,9.2,,
WT,WT18X85,WT18X85,85,25,18.1,,,12,,0.68,1.1,,,786,160,7.51,,
WT,WT18X80,WT18X80,80,23.5,18,,,12,,0.65,1.02,,,740,147,6.17,,
WT,WT18X75,WT18X75,75,22.1,17.9,,,12,,0.625,0.94,,,698,135,5.04,,
WT,WT18X67.5,WT18X67.5,67.5,19.9,17.8,,,12,,0.6,0.79,,,637,113,3.48,,
WT,WT16.5X193.5,WT16.5X193.5,193.5,57,18,,,16.2,,1.26,2.28,,,1460,810,73.9,,
WT,WT16.5X177,WT16.5X177,177,52.1,17.8,,,16.1,,1.16,2.09,,,1320,729,57.1,,
WT,WT16.5X159,WT16.5X159,159,46.8,17.6,,,16,,1.04,1.89,,,1160,645,42.1,,
WT,WT16.5X145.5,WT16.5X145.5,145.5,42.8,17.4,,,15.9,,0.96,1.73,,,1060,581,32.5,,
WT,WT16.5X131.5,WT16.5X131.5,131.5,38.7,17.3,,,15.8,,0.87,1.57,,,943,517,24.3,,
WT,WT16.5X120.5,WT16.5X120.5,120.5,35.6,17.1,,,15.9,,0.83,1.4,,,872,466,18,,
WT,WT16.5X110.5,WT16.5X110.5,110.5,32.6,17,,,15.8,,0.775,1.28,,,799,420,13.9,,
WT,WT16.5X100.5,WT16.5X100.5,100.5,29.7,16.8,,,15.7,,0.715,1.15,,,725,375,10.4,,
WT,WT16.5X84.5,WT16.5X84.5,84.5,24.7,16.9,,,11.5,,0.67,1.22,,,649,155,8.81,,
WT,WT16.5X76,WT16.5X76,76,22.5,16.7,,,11.6,,0.635,1.06,,,592,136,6.16,,
WT,WT16.5X70.5,WT16.5X70.5,70.5,20.7,16.7,,,11.5,,0.605,0.96,,,552,123,4.84,,
WT,WT16.5X65,WT16.5X65,65,19.1,16.5,,,11.5,,0.58,0.855,,,513,109,3.67,,
WT,WT16.5X59,WT16.5X59,59,17.4,16.4,,,11.5,,0.55,0.74,,,469,93.5,2.64,,
WT,WT15X195.5,WT15X195.5,195.5,57.6,16.6,,,15.6,,1.36,2.44,,,1220,774,86.3,,
WT,WT15X178.5,WT15X178.5,178.5,52.5,16.4,,,15.5,,1.24,2.24,,,1090,693,66.6,,
WT,WT15X163,WT15X163,163,48,16.2,,,15.4,,1.14,2.05,,,981,622,51.2,,
WT,WT15X146,WT15X146,146,43,16,,,15.3,,1.02,1.85,,,861,549,37.5,,
WT,WT15X130.5,WT15X130.5,130.5,38.5,15.8,,,15.2,,0.93,1.65,,,765,480,26.9,,
WT,WT15X117.5,WT15X117.5,117.5,34.7,15.7,,,15.1,,0.83,1.5,,,674,427,20.1,,
WT,WT15X105.5,WT15X105.5,105.5,31.1,15.5,,,15.1,,0.775,1.32,,,610,378,14.1,,
WT,WT15X95.5,WT15X95.5,95.5,28,15.3,,,15,,0.71,1.19,,,549,336,10.5,,
WT,WT15X86.5,WT15X86.5,86.5,25.4,15.2,,,15,,0.655,1.07,,,497,299,7.78,,
WT,WT15X74,WT15X74,74,21.8,15.3,,,10.5,,0.65,1.18,,,466,114,7.24,,
WT,WT15X66,WT15X66,66,19.5,15.2,,,10.5,,0.615,1,,,421,98,4.85,,
WT,WT15X62,WT15X62,62,18.2,15.1,,,10.5,,0.585,0.93,,,396,90.4,3.98,,
WT,WT15X58,WT15X58,58,17.1,15,,,10.5,,0.565,0.85,,,373,82.1,3.21,,
WT,WT15X54,WT15X54,54,15.9,14.9,,,10.5,,0.545,0.76,,,349,73,2.49,,
WT,WT15X49.5,WT15X49.5,49.5,14.5,14.8,,,10.5,,0.52,0.67,,,322,63.9,1.88,,
WT,WT15X45,WT15X45,45,13.2,14.8,,,10.4,,0.47,0.61,,,290,57.3,1.41,,
WT,WT13.5X269.5,WT13.5X269.5,269.5,79.3,16.3,,,15.3,,1.97,3.54,,,1530,1060,247,,
WT,WT13.5X184,WT13.5X184,184,54.2,15.2,,,14.7,,1.38,2.48,,,939,655,84.5,,
WT,WT13.5X168,WT13.5X168,168,49.5,15,,,14.6,,1.26,2.28,,,839,587,65.4,,
WT,WT13.5X153.5,WT13.5X153.5,153.5,45.2,14.8,,,14.4,,1.16,2.09,,,753,527,50.5,,
WT,WT13.5X140.5,WT13.5X140.5,140.5,41.5,14.6,,,14.4,,1.06,1.93,,,677,477,39.6,,
WT,WT13.5X129,WT13.5X129,129,38.1,14.5,,,14.3,,0.98,1.77,,,613,430,30.7,,
WT,WT13.5X117.5,WT13.5X117.5,117.5,34.7,14.3,,,14.2,,0.91,1.61,,,556,384,23.4,,
WT,WT13.5X108.5,WT13.5X108.5,108.5,32,14.2,,,14.1,,0.83,1.5,,,502,352,18.8,,
WT,WT13.5X97,WT13.5X97,97,28.6,14.1,,,14,,0.75,1.34,,,444,309,13.5,,
WT,WT13.5X89,WT13.5X89,89,26.3,13.9,,,14.1,,0.725,1.19,,,414,278,10,,
WT,WT13.5X80.5,WT13.5X80.5,80.5,23.8,13.8,,,14,,0.66,1.08,,,372,248,7.53,,
WT,WT13.5X73,WT13.5X73,73,21.6,13.7,,,14,,0.605,0.975,,,336,222,5.62,,
WT,WT13.5X64.5,WT13.5X64.5,64.5,18.9,13.8,,,10,,0.61,1.1,,,323,92.2,5.55,,
WT,WT13.5X57,WT13.5X57,57,16.8,13.6,,,10.1,,0.57,0.93,,,289,79.3,3.65,,
WT,WT13.5X51,WT13.5X51,51,15,13.5,,,10,,0.515,0.83,,,258,69.6,2.63,,
WT,WT13.5X47,WT13.5X47,47,13.8,13.5,,,10,,0.49,0.745,,,239,62,2.01,,
WT,WT13.5X42,WT13.5X42,42,12.4,13.4,,,10,,0.46,0.64,,,216,52.8,1.4,,
WT,WT12X185,WT12X185,185,54.5,14,,,13.7,,1.52,2.72,,,779,581,100,,
WT,WT12X167.5,WT12X167.5,167.5,49.1,13.8,,,13.5,,1.38,2.48,,,686,513,75.6,,
WT,WT12X153,WT12X153,153,44.9,13.6,,,13.4,,1.26,2.28,,,611,460,58.4,,
WT,WT12X139.5,WT12X139.5,139.5,41,13.4,,,13.3,,1.16,2.09,,,546,412,45.1,,
WT,WT12X125,WT12X125,125,36.8,13.2,,,13.2,,1.04,1.89,,,478,362,33.2,,
WT,WT12X114.5,WT12X114.5,114.5,33.6,13,,,13.1,,0.96,1.73,,,431,326,25.5,,
WT,WT12X103.5,WT12X103.5,103.5,30.3,12.9,,,13,,0.87,1.57,,,382,289,19.1,,
WT,WT12X96,WT12X96,96,28.2,12.7,,,13,,0.81,1.46,,,350,265,15.3,,
WT,WT12X88,WT12X88,88,25.8,12.6,,,12.9,,0.75,1.34,,,319,240,11.9,,
WT,WT12X81,WT12X81,81,23.9,12.5,,,13,,0.705,1.22,,,293,221,9.22,,
WT,WT12X73,WT12X73,73,21.5,12.4,,,12.9,,0.65,1.09,,,264,195,6.7,,
WT,WT12X65.5,WT12X65.5,65.5,19.3,12.2,,,12.9,,0.605,0.96,,,238,170,4.74,,
WT,WT12X58.5,WT12X58.5,58.5,17.2,12.1,,,12.8,,0.55,0.85,,,212,149,3.35,,
WT,WT12X52,WT12X52,52,15.3,12,,,12.8,,0.5,0.75,,,189,130,2.35,,
WT,WT12X51.5,WT12X51.5,51.5,15.1,12.3,,,9,,0.55,0.98,,,204,59.7,3.53,,
WT,WT12X47,WT12X47,47,13.8,12.2,,,9.07,,0.515,0.875,,,186,54.5,2.62,,
WT,WT12X42,WT12X42,42,12.4,12.1,,,9.02,,0.47,0.77,,,166,47.2,1.84,,
WT,WT12X38,WT12X38,38,11.2,12,,,8.99,,0.44,0.68,,,151,41.3,1.34,,
WT,WT12X34,WT12X34,34,10,11.9,,,8.97,,0.415,0.585,,,137,35.2,0.932,,
WT,WT12X31,WT12X31,31,9.11,11.9,,,7.04,,0.43,0.59,,,131,17.2,0.85,,
WT,WT12X27.5,WT12X27.5,27.5,8.1,11.8,,,7.01,,0.395,0.505,,,117,14.5,0.588,,
WT,WT10.5X137.5,WT10.5X137.5,137.5,40.9,12.1,,,12.9,,1.22,2.19,,,420,394,53.5,,
WT,WT10.5X124,WT10.5X124,124,37,11.9,,,12.8,,1.1,1.99,,,368,349,40.2,,
WT,WT10.5X111.5,WT10.5X111.5,111.5,33.2,11.7,,,12.7,,1,1.79,,,324,307,29.6,,
WT,WT10.5X100.5,WT10.5X100.5,100.5,29.6,11.5,,,12.6,,0.91,1.63,,,285,271,20.4,,
WT,WT10.5X91,WT10.5X91,91,26.8,11.4,,,12.5,,0.83,1.48,,,253,241,15.3,,
WT,WT10.5X83,WT10.5X83,83,24.4,11.2,,,12.4,,0.75,1.36,,,226,217,11.8,,
WT,WT10.5X73.5,WT10.5X73.5,73.5,21.6,11,,,12.5,,0.72,1.15,,,204,188,7.69,,
WT,WT10.5X66,WT10.5X66,66,19.4,10.9,,,12.4,,0.65,1.04,,,181,166,5.62,,
WT,WT10.5X61,WT10.5X61,61,17.9,10.8,,,12.4,,0.6,0.96,,,166,152,4.47,,
WT,WT10.5X55.5,WT10.5X55.5,55.5,16.3,10.8,,,12.3,,0.55,0.875,,,150,137,3.4,,
WT,WT10.5X50.5,WT10.5X50.5,50.5,14.9,10.7,,,12.3,,0.5,0.8,,,135,124,2.6,,
WT,WT10.5X46.5,WT10.5X46.5,46.5,13.7,10.8,,,8.42,,0.58,0.93,,,144,46.4,3.01,,
WT,WT10.5X41.5,WT10.5X41.5,41.5,12.2,10.7,,,8.36,,0.515,0.835,,,127,40.7,2.16,,
WT,WT10.5X36.5,WT10.5X36.5,36.5,10.7,10.6,,,8.3,,0.455,0.74,,,110,35.3,1.51,,
WT,WT10.5X34,WT10.5X34,34,10,10.6,,,8.27,,0.43,0.685,,,103,32.4,1.22,,
WT,WT10.5X31,WT10.5X31,31,9.13,10.5,,,8.24,,0.4,0.615,,,93.8,28.7,0.913,,
WT,WT10.5X27.5,WT10.5X27.5,27.5,8.1,10.4,,,8.22,,0.375,0.522,,,84.4,24.2,0.617,,
WT,WT10.5X24,WT10.5X24,24,7.07,10.3,,,8.14,,0.35,0.43,,,74.9,19.4,0.4,,
WT,WT10.5X28.5,WT10.5X28.5,28.5,8.37,10.5,,,6.56,,0.405,0.65,,,90.4,15.3,0.884,,
WT,WT10.5X25,WT10.5X25,25,7.36,10.4,,,6.53,,0.38,0.535,,,80.3,12.5,0.57,,
WT,WT10.5X22,WT10.5X22,22,6.49,10.3,,,6.5,,0.35,0.45,,,71.1,10.3,0.383,,
WT,WT9X155.5,WT9X155.5,155.5,45.8,11.2,,,12,,1.52,2.74,,,383,398,87.2,,
WT,WT9X141.5,WT9X141.5,141.5,41.7,10.9,,,11.9,,1.4,2.5,,,337,352,66.5,,
WT,WT9X129,WT9X129,129,38,10.7,,,11.8,,1.28,2.3,,,298,314,51.1,,
WT,WT9X117,WT9X117,117,34.3,10.5,,,11.7,,1.16,2.11,,,261,279,39.1,,
WT,WT9X105.5,WT9X105.5,105.5,31.2,10.3,,,11.6,,1.06,1.91,,,229,246,29.1,,
WT,WT9X96,WT9X96,96,28.1,10.2,,,11.5,,0.96,1.75,,,202,220,22.3,,
WT,WT9X87.5,WT9X87.5,87.5,25.7,10,,,11.4,,0.89,1.59,,,181,196,16.8,,
WT,WT9X79,WT9X79,79,23.2,9.86,,,11.3,,0.81,1.44,,,160,174,12.5,,
WT,WT9X71.5,WT9X71.5,71.5,21,9.75,,,11.2,,0.73,1.32,,,142,156,9.58,,
WT,WT9X65,WT9X65,65,19.2,9.63,,,11.2,,0.67,1.2,,,127,139,7.23,,
WT,WT9X59.5,WT9X59.5,59.5,17.6,9.49,,,11.3,,0.655,1.06,,,119,126,5.3,,
WT,WT9X53,WT9X53,53,15.6,9.37,,,11.2,,0.59,0.94,,,104,110,3.73,,
WT,WT9X48.5,WT9X48.5,48.5,14.2,9.3,,,11.1,,0.535,0.87,,,93.8,100,2.92,,
WT,WT9X43,WT9X43,43,12.7,9.2,,,11.1,,0.48,0.77,,,82.4,87.6,2.04,,
WT,WT9X38,WT9X38,38,11.1,9.11,,,11,,0.425,0.68,,,71.8,76.2,1.41,,
WT,WT9X35.5,WT9X35.5,35.5,10.4,9.24,,,7.64,,0.495,0.81,,,78.2,30.1,1.74,,
WT,WT9X32.5,WT9X32.5,32.5,9.55,9.18,,,7.59,,0.45,0.75,,,70.7,27.4,1.36,,
WT,WT9X30,WT9X30,30,8.82,9.12,,,7.56,,0.415,0.695,,,64.7,25,1.08,,
WT,WT9X27.5,WT9X27.5,27.5,8.1,9.06,,,7.53,,0.39,0.63,,,59.5,22.5,0.83,,
WT,WT9X25,WT9X25,25,7.34,9,,,7.5,,0.355,0.57,,,53.5,20,0.619,,
WT,WT9X23,WT9X23,23,6.77,9.03,,,6.06,,0.36,0.605,,,52.1,11.3,0.609,,
WT,WT9X20,WT9X20,20,5.88,8.95,,,6.02,,0.315,0.525,,,44.8,9.55,0.404,,
WT,WT9X17.5,WT9X17.5,17.5,5.15,8.85,,,6,,0.3,0.425,,,40.1,7.67,0.252,,
WT,WT8X50,WT8X50,50,14.7,8.49,,,10.4,,0.585,0.985,,,76.8,93.1,3.85,,
WT,WT8X44.5,WT8X44.5,44.5,13.1,8.38,,,10.4,,0.525,0.875,,,67.2,81.3,2.72,,
WT,WT8X38.5,WT8X38.5,38.5,11.3,8.26,,,10.3,,0.455,0.76,,,56.9,69.2,1.78,,
WT,WT8X33.5,WT8X33.5,33.5,9.81,8.17,,,10.2,,0.395,0.665,,,48.6,59.5,1.19,,
WT,WT8X28.5,WT8X28.5,28.5,8.39,8.22,,,7.12,,0.43,0.715,,,48.7,21.6,1.1,,
WT,WT8X25,WT8X25,25,7.37,8.13,,,7.07,,0.38,0.63,,,42.3,18.6,0.76,,
WT,WT8X22.5,WT8X22.5,22.5,6.63,8.07,,,7.04,,0.345,0.565,,,37.8,16.4,0.555,,
WT,WT8X20,WT8X20,20,5.89,8.01,,,7,,0.305,0.505,,,33.1,14.4,0.396,,
WT,WT8X18,WT8X18,18,5.29,7.93,,,6.99,,0.295,0.43,,,30.6,12.2,0.272,,
WT,WT8X15.5,WT8X15.5,15.5,4.56,7.94,,,5.53,,0.275,0.44,,,27.5,6.2,0.23,,
WT,WT8X13,WT8X13,13,3.84,7.85,,,5.5,,0.25,0.345,,,23.5,4.79,0.13,,
WT,WT7X436.5,WT7X436.5,436.5,129,11.8,,,18.8,,3.94,5.51,,,1040,3080,1110,,
WT,WT7X404,WT7X404,404,119,11.4,,,18.6,,3.74,5.12,,,898,2770,898,,
WT,WT7X365,WT7X365,365,107,11.2,,,17.9,,3.07,4.91,,,739,2360,714,,
WT,WT7X332.5,WT7X332.5,332.5,97.8,10.8,,,17.7,,2.83,4.52,,,622,2080,555,,
WT,WT7X302.5,WT7X302.5,302.5,89,10.5,,,17.4,,2.6,4.16,,,524,1840,430,,
WT,WT7X275,WT7X275,275,80.9,10.1,,,17.2,,2.38,3.82,,,442,1630,331,,
WT,WT7X250,WT7X250,250,73.5,9.8,,,17,,2.19,3.5,,,375,1440,254,,
WT,WT7X227.5,WT7X227.5,227.5,66.9,9.51,,,16.8,,2.02,3.21,,,321,1280,196,,
WT,WT7X213,WT7X213,213,62.7,9.34,,,16.7,,1.88,3.04,,,287,1180,164,,
WT,WT7X199,WT7X199,199,58.4,9.15,,,16.6,,1.77,2.85,,,257,1090,135,,
WT,WT7X185,WT7X185,185,54.4,8.96,,,16.5,,1.66,2.66,,,229,994,110,,
WT,WT7X171,WT7X171,171,50.3,8.77,,,16.4,,1.54,2.47,,,203,903,88.3,,
WT,WT7X155.5,WT7X155.5,155.5,45.7,8.56,,,16.2,,1.41,2.26,,,176,807,67.5,,
WT,WT7X141.5,WT7X141.5,141.5,41.6,8.37,,,16.1,,1.29,2.07,,,153,722,51.8,,
WT,WT7X128.5,WT7X128.5,128.5,37.8,8.19,,,16,,1.18,1.89,,,133,645,39.3,,
WT,WT7X116.5,WT7X116.5,116.5,34.2,8.02,,,15.9,,1.07,1.72,,,116,576,29.6,,
WT,WT7X105.5,WT7X105.5,105.5,31,7.86,,,15.8,,0.98,1.56,,,102,513,22.2,,
WT,WT7X96.5,WT7X96.5,96.5,28.4,7.74,,,15.7,,0.89,1.44,,,89.8,466,17.3,,
WT,WT7X88,WT7X88,88,25.9,7.61,,,15.7,,0.83,1.31,,,80.5,419,13.2,,
WT,WT7X79.5,WT7X79.5,79.5,23.4,7.49,,,15.6,,0.745,1.19,,,70.2,374,9.84,,
WT,WT7X72.5,WT7X72.5,72.5,21.3,7.39,,,15.5,,0.68,1.09,,,62.5,338,7.56,,
WT,WT7X66,WT7X66,66,19.4,7.33,,,14.7,,0.645,1.03,,,57.8,274,6.13,,
WT,WT7X60,WT7X60,60,17.7,7.24,,,14.7,,0.59,0.94,,,51.7,247,4.67,,
WT,WT7X54.5,WT7X54.5,54.5,16,7.16,,,14.6,,0.525,0.86,,,45.3,223,3.55,,
WT,WT7X49.5,WT7X49.5,49.5,14.6,7.08,,,14.6,,0.485,0.78,,,40.9,201,2.68,,
WT,WT7X45,WT7X45,45,13.2,7.01,,,14.5,,0.44,0.71,,,36.5,181,2.03,,
WT,WT7X41,WT7X41,41,12,7.16,,,10.1,,0.51,0.855,,,41.2,74.1,2.53,,
WT,WT7X37,WT7X37,37,10.9,7.09,,,10.1,,0.45,0.785,,,36,66.9,1.93,,
WT,WT7X34,WT7X34,34,10,7.02,,,10,,0.415,0.72,,,32.6,60.7,1.5,,
WT,WT7X30.5,WT7X30.5,30.5,8.96,6.95,,,10,,0.375,0.645,,,28.9,53.7,1.09,,
WT,WT7X26.5,WT7X26.5,26.5,7.8,6.96,,,8.06,,0.37,0.66,,,27.6,28.8,0.967,,
WT,WT7X24,WT7X24,24,7.07,6.9,,,8.03,,0.34,0.595,,,24.9,25.7,0.723,,
WT,WT7X21.5,WT7X21.5,21.5,6.31,6.83,,,8,,0.305,0.53,,,21.9,22.6,0.522,,
WT,WT7X19,WT7X19,19,5.58,7.05,,,6.77,,0.31,0.515,,,23.3,13.3,0.398,,
WT,WT7X17,WT7X17,17,5,6.99,,,6.75,,0.285,0.455,,,20.9,11.6,0.284,,
WT,WT7X15,WT7X15,15,4.42,6.92,,,6.73,,0.27,0.385,,,19,9.79,0.19,,
WT,WT7X13,WT7X13,13,3.85,6.96,,,5.03,,0.255,0.42,,,17.3,4.45,0.179,,
WT,WT7X11,WT7X11,11,3.25,6.87,,,5,,0.23,0.335,,,14.8,3.5,0.104,,
WT,WT6X168,WT6X168,168,49.5,8.41,,,13.4,,1.78,2.96,,,190,593,120,,
WT,WT6X152.5,WT6X152.5,152.5,44.7,8.16,,,13.2,,1.63,2.71,,,162,525,92,,
WT,WT6X139.5,WT6X139.5,139.5,41,7.93,,,13.1,,1.53,2.47,,,141,469,70.9,,
WT,WT6X126,WT6X126,126,37.1,7.71,,,13,,1.4,2.25,,,121,414,53.5,,
WT,WT6X115,WT6X115,115,33.8,7.53,,,12.9,,1.29,2.07,,,106,371,41.6,,
WT,WT6X105,WT6X105,105,30.9,7.36,,,12.8,,1.18,1.9,,,92.1,332,32.1,,
WT,WT6X95,WT6X95,95,28,7.19,,,12.7,,1.06,1.74,,,79,295,24.3,,
WT,WT6X85,WT6X85,85,25,7.02,,,12.6,,0.96,1.56,,,67.8,259,17.7,,
WT,WT6X76,WT6X76,76,22.4,6.86,,,12.5,,0.87,1.4,,,58.5,227,12.8,,
WT,WT6X68,WT6X68,68,20,6.71,,,12.4,,0.79,1.25,,,50.6,199,9.21,,
WT,WT6X60,WT6X60,60,17.6,6.56,,,12.3,,0.71,1.11,,,43.4,172,6.42,,
WT,WT6X53,WT6X53,53,15.6,6.45,,,12.2,,0.61,0.99,,,36.3,151,4.55,,
WT,WT6X48,WT6X48,48,14.1,6.36,,,12.2,,0.55,0.9,,,32,135,3.42,,
WT,WT6X43.5,WT6X43.5,43.5,12.8,6.27,,,12.1,,0.515,0.81,,,28.9,120,2.54,,
WT,WT6X39.5,WT6X39.5,39.5,11.6,6.19,,,12.1,,0.47,0.735,,,25.8,108,1.91,,
WT,WT6X36,WT6X36,36,10.6,6.13,,,12,,0.43,0.67,,,23.2,97.5,1.46,,
WT,WT6X32.5,WT6X32.5,32.5,9.54,6.06,,,12,,0.39,0.605,,,20.6,87.2,1.09,,
WT,WT6X29,WT6X29,29,8.52,6.1,,,10,,0.36,0.64,,,19.1,53.5,1.05,,
WT,WT6X26.5,WT6X26.5,26.5,7.78,6.03,,,10,,0.345,0.575,,,17.7,47.9,0.788,,
WT,WT6X25,WT6X25,25,7.3,6.1,,,8.08,,0.37,0.64,,,18.7,28.2,0.855,,
WT,WT6X22.5,WT6X22.5,22.5,6.56,6.03,,,8.05,,0.335,0.575,,,16.6,25,0.627,,
WT,WT6X20,WT6X20,20,5.84,5.97,,,8.01,,0.295,0.515,,,14.4,22,0.452,,
WT,WT6X17.5,WT6X17.5,17.5,5.17,6.25,,,6.56,,0.3,0.52,,,16,12.2,0.369,,
WT,WT6X15,WT6X15,15,4.4,6.17,,,6.52,,0.26,0.44,,,13.5,10.2,0.228,,
WT,WT6X13,WT6X13,13,3.82,6.11,,,6.49,,0.23,0.38,,,11.7,8.66,0.15,,
WT,WT6X11,WT6X11,11,3.24,6.16,,,4.03,,0.26,0.425,,,11.7,2.33,0.146,,
WT,WT6X9.5,WT6X9.5,9.5,2.79,6.08,,,4.01,,0.235,0.35,,,10.1,1.88,0.0899,,
WT,WT6X8,WT6X8,8,2.36,6,,,3.99,,0.22,0.265,,,8.7,1.41,0.0511,,
WT,WT6X7,WT6X7,7,2.08,5.96,,,3.97,,0.2,0.225,,,7.67,1.18,0.035,,
WT,WT5X56,WT5X56,56,16.5,5.68,,,10.4,,0.755,1.25,,,28.6,118,7.5,,
WT,WT5X50,WT5X50,50,14.7,5.55,,,10.3,,0.68,1.12,,,24.5,103,5.41,,
WT,WT5X44,WT5X44,44,13,5.42,,,10.3,,0.605,0.99,,,20.8,89.3,3.75,,
WT,WT5X38.5,WT5X38.5,38.5,11.3,5.3,,,10.2,,0.53,0.87,,,17.4,76.8,2.55,,
WT,WT5X34,WT5X34,34,10,5.2,,,10.1,,0.47,0.77,,,14.9,66.7,1.78,,
WT,WT5X30,WT5X30,30,8.84,5.11,,,10.1,,0.42,0.68,,,12.9,58.1,1.23,,
WT,WT5X27,WT5X27,27,7.9,5.05,,,10,,0.37,0.615,,,11.1,51.7,0.909,,
WT,WT5X24.5,WT5X24.5,24.5,7.21,4.99,,,10,,0.34,0.56,,,10,46.7,0.693,,
WT,WT5X22.5,WT5X22.5,22.5,6.63,5.05,,,8.02,,0.35,0.62,,,10.2,26.7,0.753,,
WT,WT5X19.5,WT5X19.5,19.5,5.73,4.96,,,7.99,,0.315,0.53,,,8.84,22.5,0.487,,
WT,WT5X16.5,WT5X16.5,16.5,4.85,4.87,,,7.96,,0.29,0.435,,,7.71,18.3,0.291,,
WT,WT5X15,WT5X15,15,4.42,5.24,,,5.81,,0.3,0.51,,,9.28,8.35,0.31,,
WT,WT5X13,WT5X13,13,3.81,5.17,,,5.77,,0.26,0.44,,,7.86,7.05,0.201,,
WT,WT5X11,WT5X11,11,3.24,5.09,,,5.75,,0.24,0.36,,,6.88,5.71,0.119,,
WT,WT5X9.5,WT5X9.5,9.5,2.81,5.12,,,4.02,,0.25,0.395,,,6.68,2.15,0.116,,
WT,WT5X8.5,WT5X8.5,8.5,2.5,5.06,,,4.01,,0.24,0.33,,,6.06,1.78,0.0776,,
WT,WT5X7.5,WT5X7.5,7.5,2.21,5,,,4,,0.23,0.27,,,5.45,1.45,0.0518,,
WT,WT5X6,WT5X6,6,1.77,4.94,,,3.96,,0.19,0.21,,,4.35,1.09,0.0272,,
WT,WT4X33.5,WT4X33.5,33.5,9.84,4.5,,,8.28,,0.57,0.935,,,10.9,44.3,2.51,,
WT,WT4X29,WT4X29,29,8.54,4.38,,,8.22,,0.51,0.81,,,9.12,37.5,1.66,,
WT,WT4X24,WT4X24,24,7.05,4.25,,,8.11,,0.4,0.685,,,6.85,30.5,0.977,,
WT,WT4X20,WT4X20,20,5.87,4.13,,,8.07,,0.36,0.56,,,5.73,24.5,0.558,,
WT,WT4X17.5,WT4X17.5,17.5,5.14,4.06,,,8.02,,0.31,0.495,,,4.82,21.3,0.384,,
WT,WT4X15.5,WT4X15.5,15.5,4.56,4,,,8,,0.285,0.435,,,4.28,18.5,0.267,,
WT,WT4X14,WT4X14,14,4.12,4.03,,,6.54,,0.285,0.465,,,4.23,10.8,0.268,,
WT,WT4X12,WT4X12,12,3.54,3.97,,,6.5,,0.245,0.4,,,3.53,9.14,0.173,,
WT,WT4X10.5,WT4X10.5,10.5,3.08,4.14,,,5.27,,0.25,0.4,,,3.9,4.88,0.141,,
WT,WT4X9,WT4X9,9,2.63,4.07,,,5.25,,0.23,0.33,,,3.41,3.98,0.0855,,
WT,WT4X7.5,WT4X7.5,7.5,2.22,4.06,,,4.02,,0.245,0.315,,,3.28,1.7,0.0679,,
WT,WT4X6.5,WT4X6.5,6.5,1.92,4,,,4,,0.23,0.255,,,2.89,1.36,0.0433,,
WT,WT4X5,WT4X5,5,1.48,3.95,,,3.94,,0.17,0.205,,,2.15,1.05,0.0212,,
WT,WT3X12.5,WT3X12.5,12.5,3.67,3.19,,,6.08,,0.32,0.455,,,2.29,8.53,0.229,,
WT,WT3X10,WT3X10,10,2.94,3.1,,,6.02,,0.26,0.365,,,1.76,6.64,0.12,,
WT,WT3X7.5,WT3X7.5,7.5,2.21,3,,,5.99,,0.23,0.26,,,1.41,4.66,0.0504,,
WT,WT3X8,WT3X8,8,2.37,3.14,,,4.03,,0.26,0.405,,,1.69,2.21,0.111,,
WT,WT3X6,WT3X6,6,1.78,3.02,,,4,,0.23,0.28,,,1.32,1.5,0.0449,,
WT,WT3X4.5,WT3X4.5,4.5,1.34,2.95,,,3.94,,0.17,0.215,,,0.95,1.1,0.0202,,
WT,WT3X4.25,WT3X4.25,4.25,1.26,2.92,,,3.94,,0.17,0.195,,,0.905,0.995,0.0166,,
WT,WT2.5X9.5,WT2.5X9.5,9.5,2.78,2.58,,,5.03,,0.27,0.43,,,1.01,4.56,0.157,,
WT,WT2.5X8,WT2.5X8,8,2.35,2.51,,,5,,0.24,0.36,,,0.845,3.75,0.0958,,
WT,WT2X6.5,WT2X6.5,6.5,1.91,2.08,,,4.06,,0.28,0.345,,,0.526,1.93,0.075,,
MT,MT6.25X6.2,MT6.25X6.2,6.2,1.82,6.27,,,3.75,,0.155,0.228,,,7.29,1,0.0246,,
MT,MT6.25X5.8,MT6.25X5.8,5.8,1.7,6.25,,,3.5,,0.155,0.211,,,6.94,0.756,0.0206,,
MT,MT6X5.9,MT6X5.9,5.9,1.74,6,,,3.07,,0.177,0.225,,,6.61,0.543,0.0249,,
MT,MT6X5.4,MT6X5.4,5.4,1.59,5.99,,,3.07,,0.16,0.21,,,6.03,0.506,0.0196,,
MT,MT6X5,MT6X5,5,1.48,5.99,,,3.25,,0.149,0.18,,,5.62,0.517,0.0145,,
MT,MT5X4.5,MT5X4.5,4.5,1.33,5,,,2.69,,0.157,0.206,,,3.47,0.336,0.0156,,
MT,MT5X4,MT5X4,4,1.19,4.98,,,2.69,,0.141,0.182,,,3.08,0.296,0.0112,,
MT,MT5X3.75,MT5X3.75,3.75,1.11,5,,,2.69,,0.13,0.173,,,2.91,0.281,0.00932,,
MT,MT4X3.25,MT4X3.25,3.25,0.959,4,,,2.28,,0.135,0.189,,,1.57,0.188,0.00917,,
MT,MT4X3.1,MT4X3.1,3.1,0.911,4,,,2.28,,0.129,0.177,,,1.5,0.176,0.00778,,
MT,MT3X2.2,MT3X2.2,2.2,0.647,3,,,1.84,,0.114,0.171,,,0.579,0.0897,0.00494,,
MT,MT3X1.85,MT3X1.85,1.85,0.545,2.96,,,2,,0.098,0.129,,,0.483,0.0863,0.00265,,
MT,MT2.5X9.45,MT2.5X9.45,9.45,2.78,2.5,,,5,,0.316,0.416,,,1.05,4.35,0.156,,
MT,MT2X3,MT2X3,3,0.875,1.9,,,3.8,,0.13,0.16,,,0.208,0.732,0.00919,,
ST,ST12X60.5,ST12X60.5,60.5,17.8,12.3,,,8.05,,0.8,1.09,,,259,41.5,6.38,,
ST,ST12X53,ST12X53,53,15.6,12.3,,,7.87,,0.62,1.09,,,216,38.4,5.05,,
ST,ST12X50,ST12X50,50,14.7,12,,,7.25,,0.745,0.87,,,215,23.7,3.76,,
ST,ST12X45,ST12X45,45,13.2,12,,,7.13,,0.625,0.87,,,190,22.3,3.01,,
ST,ST12X40,ST12X40,40,11.7,12,,,7,,0.5,0.87,,,162,21,2.44,,
ST,ST10X48,ST10X48,48,14.1,10.2,,,7.2,,0.8,0.92,,,143,25,4.16,,
ST,ST10X43,ST10X43,43,12.7,10.2,,,7.06,,0.66,0.92,,,124,23.3,3.3,,
ST,ST10X37.5,ST10X37.5,37.5,11,10,,,6.39,,0.635,0.795,,,109,14.8,2.28,,
ST,ST10X33,ST10X33,33,9.7,10,,,6.26,,0.505,0.795,,,92.9,13.7,1.78,,
ST,ST9X35,ST9X35,35,10.3,9,,,6.25,,0.711,0.691,,,84.5,12,2.02,,
ST,ST9X27.35,ST9X27.35,27.35,8.02,9,,,6,,0.461,0.691,,,62.3,10.4,1.16,,
ST,ST7.5X25,ST7.5X25,25,7.34,7.5,,,5.64,,0.55,0.622,,,40.5,7.79,1.05,,
ST,ST7.5X21.45,ST7.5X21.45,21.45,6.3,7.5,,,5.5,,0.411,0.622,,,32.9,7.13,0.765,,
ST,ST6X25,ST6X25,25,7.33,6,,,5.48,,0.687,0.659,,,25.1,7.79,1.36,,
ST,ST6X20.4,ST6X20.4,20.4,5.96,6,,,5.25,,0.462,0.659,,,18.9,6.74,0.842,,
ST,ST6X17.5,ST6X17.5,17.5,5.12,6,,,5.08,,0.428,0.544,,,17.2,4.92,0.524,,
ST,ST6X15.9,ST6X15.9,15.9,4.65,6,,,5,,0.35,0.544,,,14.8,4.66,0.438,,
ST,ST5X17.5,ST5X17.5,17.5,5.14,5,,,4.94,,0.594,0.491,,,12.5,4.15,0.633,,
ST,ST5X12.7,ST5X12.7,12.7,3.72,5,,,4.66,,0.311,0.491,,,7.79,3.36,0.3,,
ST,ST4X11.5,ST4X11.5,11.5,3.38,4,,,4.17,,0.441,0.425,,,5,2.13,0.271,,
ST,ST4X9.2,ST4X9.2,9.2,2.7,4,,,4,,0.271,0.425,,,3.49,1.84,0.167,,
ST,ST3X8.6,ST3X8.6,8.6,2.53,3,,,3.57,,0.465,0.359,,,2.12,1.14,0.181,,
ST,ST3X6.25,ST3X6.25,6.25,1.83,3,,,3.33,,0.232,0.359,,,1.26,0.901,0.083,,
ST,ST2.5X5,ST2.5X5,5,1.46,2.5,,,3,,0.214,0.326,,,0.671,0.597,0.0568,,
ST,ST2X4.75,ST2X4.75,4.75,1.4,2,,,2.8,,0.326,0.293,,,0.462,0.444,0.059,,
ST,ST2X3.85,ST2X3.85,3.85,1.13,2,,,2.66,,0.193,0.293,,,0.307,0.374,0.0364,,
ST,ST1.5X3.75,ST1.5X3.75,3.75,1.1,1.5,,,2.51,,0.349,0.26,,,0.2,0.289,0.0432,,
ST,ST1.5X2.85,ST1.5X2.85,2.85,0.83,1.5,,,2.33,,0.17,0.26,,,0.114,0.223,0.0216,,
2L,2L12X12X1-3/8,2L12X12X1-3/8,210,62.2,12,,,,,,,,,826,1590,,12,1.38
2L,2L12X12X1-3/8X3/4,2L12X12X1-3/8X3/4,210,62.2,12,,,,,,,,,826,1760,,12,1.38
2L,2L12X12X1-3/8X1-1/2,2L12X12X1-3/8X1-1/2,210,62.2,12,,,,,,,,,826,1950,,12,1.38
2L,2L12X12X1-1/4,2L12X12X1-1/4,193,56.8,12,,,,,,,,,762,1440,,12,1.25
2L,2L12X12X1-1/4X3/4,2L12X12X1-1/4X3/4,193,56.8,12,,,,,,,,,762,1590,,12,1.25
2L,2L12X12X1-1/4X1-1/2,2L12X12X1-1/4X1-1/2,193,56.8,12,,,,,,,,,762,1760,,12,1.25
2L,2L12X12X1-1/8,2L12X12X1-1/8,174,51.6,12,,,,,,,,,700,1300,,12,1.13
2L,2L12X12X1-1/8X3/4,2L12X12X1-1/8X3/4,174,51.6,12,,,,,,,,,700,1440,,12,1.13
2L,2L12X12X1-1/8X1-1/2,2L12X12X1-1/8X1-1/2,174,51.6,12,,,,,,,,,700,1590,,12,1.13
2L,2L12X12X1,2L12X12X1,156,46,12,,,,,,,,,630,1150,,12,1
2L,2L12X12X1X3/4,2L12X12X1X3/4,156,46,12,,,,,,,,,630,1270,,12,1
2L,2L12X12X1X1-1/2,2L12X12X1X1-1/2,156,46,12,,,,,,,,,630,1410,,12,1
2L,2L10X10X1-3/8,2L10X10X1-3/8,174,51.2,10,,,,,,,,,462,923,,10,1.38
2L,2L10X10X1-3/8X3/4,2L10X10X1-3/8X3/4,174,51.2,10,,,,,,,,,462,1050,,10,1.38
2L,2L10X10X1-3/8X1-1/2,2L10X10X1-3/8X1-1/2,174,51.2,10,,,,,,,,,462,1180,,10,1.38
2L,2L10X10X1-1/4,2L10X10X1-1/4,160,46.8,10,,,,,,,,,426,833,,10,1.25
2L,2L10X10X1-1/4X3/4,2L10X10X1-1/4X3/4,160,46.8,10,,,,,,,,,426,943,,10,1.25
2L,2L10X10X1-1/4X1-1/2,2L10X10X1-1/4X1-1/2,160,46.8,10,,,,,,,,,426,1070,,10,1.25
2L,2L10X10X1-1/8,2L10X10X1-1/8,145,42.6,10,,,,,,,,,392,750,,10,1.13
2L,2L10X10X1-1/8X3/4,2L10X10X1-1/8X3/4,145,42.6,10,,,,,,,,,392,849,,10,1.13
2L,2L10X10X1-1/8X1-1/2,2L10X10X1-1/8X1-1/2,145,42.6,10,,,,,,,,,392,960,,10,1.13
2L,2L10X10X1,2L10X10X1,129,38,10,,,,,,,,,354,665,,10,1
2L,2L10X10X1X3/4,2L10X10X1X3/4,129,38,10,,,,,,,,,354,752,,10,1
2L,2L10X10X1X1-1/2,2L10X10X1X1-1/2,129,38,10,,,,,,,,,354,849,,10,1
2L,2L10X10X7/8,2L10X10X7/8,114,33.6,10,,,,,,,,,316,579,,10,0.875
2L,2L10X10X7/8X3/4,2L10X10X7/8X3/4,114,33.6,10,,,,,,,,,316,655,,10,0.875
2L,2L10X10X7/8X1-1/2,2L10X10X7/8X1-1/2,114,33.6,10,,,,,,,,,316,739,,10,0.875
2L,2L10X10X3/4,2L10X10X3/4,98.2,29,10,,,,,,,,,278,499,,10,0.75
2L,2L10X10X3/4X3/4,2L10X10X3/4X3/4,98.2,29,10,,,,,,,,,278,563,,10,0.75
2L,2L10X10X3/4X1-1/2,2L10X10X3/4X1-1/2,98.2,29,10,,,,,,,,,278,635,,10,0.75
2L,2L8X8X1-1/8,2L8X8X1-1/8,114,33.6,8,,,,,,,,,196,391,,8,1.13
2L,2L8X8X1-1/8X3/8,2L8X8X1-1/8X3/8,114,33.6,8,,,,,,,,,196,421,,8,1.13
2L,2L8X8X1-1/8X3/4,2L8X8X1-1/8X3/4,114,33.6,8,,,,,,,,,196,455,,8,1.13
2L,2L8X8X1,2L8X8X1,102,30.2,8,,,,,,,,,178,347,,8,1
2L,2L8X8X1X3/8,2L8X8X1X3/8,102,30.2,8,,,,,,,,,178,374,,8,1
2L,2L8X8X1X3/4,2L8X8X1X3/4,102,30.2,8,,,,,,,,,178,405,,8,1
2L,2L8X8X7/8,2L8X8X7/8,90,26.6,8,,,,,,,,,159,300,,8,0.875
2L,2L8X8X7/8X3/8,2L8X8X7/8X3/8,90,26.6,8,,,,,,,,,159,326,,8,0.875
2L,2L8X8X7/8X3/4,2L8X8X7/8X3/4,90,26.6,8,,,,,,,,,159,351,,8,0.875
2L,2L8X8X3/4,2L8X8X3/4,77.8,23,8,,,,,,,,,140,257,,8,0.75
2L,2L8X8X3/4X3/8,2L8X8X3/4X3/8,77.8,23,8,,,,,,,,,140,277,,8,0.75
2L,2L8X8X3/4X3/4,2L8X8X3/4X3/4,77.8,23,8,,,,,,,,,140,300,,8,0.75
2L,2L8X8X5/8,2L8X8X5/8,65.4,19.4,8,,,,,,,,,119,214,,8,0.625
2L,2L8X8X5/8X3/8,2L8X8X5/8X3/8,65.4,19.4,8,,,,,,,,,119,231,,8,0.625
2L,2L8X8X5/8X3/4,2L8X8X5/8X3/4,65.4,19.4,8,,,,,,,,,119,249,,8,0.625
2L,2L8X8X9/16,2L8X8X9/16,59.2,17.5,8,,,,,,,,,108,192,,8,0.563
2L,2L8X8X9/16X3/8,2L8X8X9/16X3/8,59.2,17.5,8,,,,,,,,,108,207,,8,0.563
2L,2L8X8X9/16X3/4,2L8X8X9/16X3/4,59.2,17.5,8,,,,,,,,,108,223,,8,0.563
2L,2L8X8X1/2,2L8X8X1/2,52.8,15.7,8,,,,,,,,,97.6,171,,8,0.5
2L,2L8X8X1/2X3/8,2L8X8X1/2X3/8,52.8,15.7,8,,,,,,,,,97.6,185,,8,0.5
2L,2L8X8X1/2X3/4,2L8X8X1/2X3/4,52.8,15.7,8,,,,,,,,,97.6,199,,8,0.5
2L,2L6X6X1,2L6X6X1,74.8,22,6,,,,,,,,,70.8,146,,6,1
2L,2L6X6X1X3/8,2L6X6X1X3/8,74.8,22,6,,,,,,,,,70.8,163,,6,1
2L,2L6X6X1X3/4,2L6X6X1X3/4,74.8,22,6,,,,,,,,,70.8,180,,6,1
2L,2L6X6X7/8,2L6X6X7/8,66.2,19.5,6,,,,,,,,,63.8,128,,6,0.875
2L,2L6X6X7/8X3/8,2L6X6X7/8X3/8,66.2,19.5,6,,,,,,,,,63.8,142,,6,0.875
2L,2L6X6X7/8X3/4,2L6X6X7/8X3/4,66.2,19.5,6,,,,,,,,,63.8,157,,6,0.875
2L,2L6X6X3/4,2L6X6X3/4,57.4,16.9,6,,,,,,,,,56.2,109,,6,0.75
2L,2L6X6X3/4X3/8,2L6X6X3/4X3/8,57.4,16.9,6,,,,,,,,,56.2,120,,6,0.75
2L,2L6X6X3/4X3/4,2L6X6X3/4X3/4,57.4,16.9,6,,,,,,,,,56.2,133,,6,0.75
2L,2L6X6X5/8,2L6X6X5/8,48.4,14.3,6,,,,,,,,,48.2,90.8,,6,0.625
2L,2L6X6X5/8X3/8,2L6X6X5/8X3/8,48.4,14.3,6,,,,,,,,,48.2,100,,6,0.625
2L,2L6X6X5/8X3/4,2L6X6X5/8X3/4,48.4,14.3,6,,,,,,,,,48.2,111,,6,0.625
2L,2L6X6X9/16,2L6X6X9/16,43.8,12.9,6,,,,,,,,,44,81.3,,6,0.563
2L,2L6X6X9/16X3/8,2L6X6X9/16X3/8,43.8,12.9,6,,,,,,,,,44,89.9,,6,0.563
2L,2L6X6X9/16X3/4,2L6X6X9/16X3/4,43.8,12.9,6,,,,,,,,,44,99.7,,6,0.563
2L,2L6X6X1/2,2L6X6X1/2,39.2,11.5,6,,,,,,,,,39.8,71.9,,6,0.5
2L,2L6X6X1/2X3/8,2L6X6X1/2X3/8,39.2,11.5,6,,,,,,,,,39.8,79.5,,6,0.5
2L,2L6X6X1/2X3/4,2L6X6X1/2X3/4,39.2,11.5,6,,,,,,,,,39.8,87.6,,6,0.5
2L,2L6X6X7/16,2L6X6X7/16,34.4,10.2,6,,,,,,,,,35.2,63.2,,6,0.438
2L,2L6X6X7/16X3/8,2L6X6X7/16X3/8,34.4,10.2,6,,,,,,,,,35.2,70,,6,0.438
2L,2L6X6X7/16X3/4,2L6X6X7/16X3/4,34.4,10.2,6,,,,,,,,,35.2,77.1,,6,0.438
2L,2L6X6X3/8,2L6X6X3/8,29.8,8.76,6,,,,,,,,,30.8,53.9,,6,0.375
2L,2L6X6X3/8X3/8,2L6X6X3/8X3/8,29.8,8.76,6,,,,,,,,,30.8,59.2,,6,0.375
2L,2L6X6X3/8X3/4,2L6X6X3/8X3/4,29.8,8.76,6,,,,,,,,,30.8,65.8,,6,0.375
2L,2L6X6X5/16,2L6X6X5/16,24.8,7.34,6,,,,,,,,,26,44.8,,6,0.313
2L,2L6X6X5/16X3/8,2L6X6X5/16X3/8,24.8,7.34,6,,,,,,,,,26,49.2,,6,0.313
2L,2L6X6X5/16X3/4,2L6X6X5/16X3/4,24.8,7.34,6,,,,,,,,,26,54.3,,6,0.313
2L,2L5X5X7/8,2L5X5X7/8,54.4,16,5,,,,,,,,,35.6,74.6,,5,0.875
2L,2L5X5X7/8X3/8,2L5X5X7/8X3/8,54.4,16,5,,,,,,,,,35.6,84.6,,5,0.875
2L,2L5X5X7/8X3/4,2L5X5X7/8X3/4,54.4,16,5,,,,,,,,,35.6,95.3,,5,0.875
2L,2L5X5X3/4,2L5X5X3/4,47.2,14,5,,,,,,,,,31.4,63.5,,5,0.75
2L,2L5X5X3/4X3/8,2L5X5X3/4X3/8,47.2,14,5,,,,,,,,,31.4,72.1,,5,0.75
2L,2L5X5X3/4X3/4,2L5X5X3/4X3/4,47.2,14,5,,,,,,,,,31.4,81.3,,5,0.75
2L,2L5X5X5/8,2L5X5X5/8,40,11.8,5,,,,,,,,,27.2,52.5,,5,0.625
2L,2L5X5X5/8X3/8,2L5X5X5/8X3/8,40,11.8,5,,,,,,,,,27.2,59.7,,5,0.625
2L,2L5X5X5/8X3/4,2L5X5X5/8X3/4,40,11.8,5,,,,,,,,,27.2,67.4,,5,0.625
2L,2L5X5X1/2,2L5X5X1/2,32.4,9.58,5,,,,,,,,,22.6,41.8,,5,0.5
2L,2L5X5X1/2X3/8,2L5X5X1/2X3/8,32.4,9.58,5,,,,,,,,,22.6,47.2,,5,0.5
2L,2L5X5X1/2X3/4,2L5X5X1/2X3/4,32.4,9.58,5,,,,,,,,,22.6,53.4,,5,0.5
2L,2L5X5X7/16,2L5X5X7/16,28.6,8.44,5,,,,,,,,,20,36.5,,5,0.438
2L,2L5X5X7/16X3/8,2L5X5X7/16X3/8,28.6,8.44,5,,,,,,,,,20,41.2,,5,0.438
2L,2L5X5X7/16X3/4,2L5X5X7/16X3/4,28.6,8.44,5,,,,,,,,,20,46.6,,5,0.438
2L,2L5X5X3/8,2L5X5X3/8,24.6,7.3,5,,,,,,,,,17.5,31.3,,5,0.375
2L,2L5X5X3/8X3/8,2L5X5X3/8X3/8,24.6,7.3,5,,,,,,,,,17.5,35.3,,5,0.375
2L,2L5X5X3/8X3/4,2L5X5X3/8X3/4,24.6,7.3,5,,,,,,,,,17.5,40,,5,0.375
2L,2L5X5X5/16,2L5X5X5/16,20.6,6.14,5,,,,,,,,,14.9,26.1,,5,0.313
2L,2L5X5X5/16X3/8,2L5X5X5/16X3/8,20.6,6.14,5,,,,,,,,,14.9,29.4,,5,0.313
2L,2L5X5X5/16X3/4,2L5X5X5/16X3/4,20.6,6.14,5,,,,,,,,,14.9,33,,5,0.313
2L,2L4X4X3/4,2L4X4X3/4,37,10.9,4,,,,,,,,,15.2,32.6,,4,0.75
2L,2L4X4X3/4X3/8,2L4X4X3/4X3/8,37,10.9,4,,,,,,,,,15.2,38.5,,4,0.75
2L,2L4X4X3/4X3/4,2L4X4X3/4X3/4,37,10.9,4,,,,,,,,,15.2,44.9,,4,0.75
2L,2L4X4X5/8,2L4X4X5/8,31.4,9.22,4,,,,,,,,,13.2,27,,4,0.625
2L,2L4X4X5/8X3/8,2L4X4X5/8X3/8,31.4,9.22,4,,,,,,,,,13.2,31.6,,4,0.625
2L,2L4X4X5/8X3/4,2L4X4X5/8X3/4,31.4,9.22,4,,,,,,,,,13.2,36.9,,4,0.625
2L,2L4X4X1/2,2L4X4X1/2,25.6,7.5,4,,,,,,,,,11,21.4,,4,0.5
2L,2L4X4X1/2X3/8,2L4X4X1/2X3/8,25.6,7.5,4,,,,,,,,,11,25.1,,4,0.5
2L,2L4X4X1/2X3/4,2L4X4X1/2X3/4,25.6,7.5,4,,,,,,,,,11,29.1,,4,0.5
2L,2L4X4X7/16,2L4X4X7/16,22.6,6.6,4,,,,,,,,,9.86,18.6,,4,0.438
2L,2L4X4X7/16X3/8,2L4X4X7/16X3/8,22.6,6.6,4,,,,,,,,,9.86,21.6,,4,0.438
2L,2L4X4X7/16X3/4,2L4X4X7/16X3/4,22.6,6.6,4,,,,,,,,,9.86,25.4,,4,0.438
2L,2L4X4X3/8,2L4X4X3/8,19.6,5.72,4,,,,,,,,,8.64,16,,4,0.375
2L,2L4X4X3/8X3/8,2L4X4X3/8X3/8,19.6,5.72,4,,,,,,,,,8.64,18.5,,4,0.375
2L,2L4X4X3/8X3/4,2L4X4X3/8X3/4,19.6,5.72,4,,,,,,,,,8.64,21.5,,4,0.375
2L,2L4X4X5/16,2L4X4X5/16,16.4,4.8,4,,,,,,,,,7.34,13.2,,4,0.313
2L,2L4X4X5/16X3/8,2L4X4X5/16X3/8,16.4,4.8,4,,,,,,,,,7.34,15.4,,4,0.313
2L,2L4X4X5/16X3/4,2L4X4X5/16X3/4,16.4,4.8,4,,,,,,,,,7.34,17.9,,4,0.313
2L,2L4X4X1/4,2L4X4X1/4,13.2,3.86,4,,,,,,,,,6,10.5,,4,0.25
2L,2L4X4X1/4X3/8,2L4X4X1/4X3/8,13.2,3.86,4,,,,,,,,,6,12.2,,4,0.25
2L,2L4X4X1/4X3/4,2L4X4X1/4X3/4,13.2,3.86,4,,,,,,,,,6,14.1,,4,0.25
2L,2L3-1/2X3-1/2X1/2,2L3-1/2X3-1/2X1/2,22.2,6.5,3.5,,,,,,,,,7.26,14.4,,3.5,0.5
2L,2L3-1/2X3-1/2X1/2X3/8,2L3-1/2X3-1/2X1/2X3/8,22.2,6.5,3.5,,,,,,,,,7.26,17.3,,3.5,0.5
2L,2L3-1/2X3-1/2X1/2X3/4,2L3-1/2X3-1/2X1/2X3/4,22.2,6.5,3.5,,,,,,,,,7.26,20.4,,3.5,0.5
2L,2L3-1/2X3-1/2X7/16,2L3-1/2X3-1/2X7/16,19.6,5.78,3.5,,,,,,,,,6.5,12.7,,3.5,0.438
2L,2L3-1/2X3-1/2X7/16X3/8,2L3-1/2X3-1/2X7/16X3/8,19.6,5.78,3.5,,,,,,,,,6.5,15,,3.5,0.438
2L,2L3-1/2X3-1/2X7/16X3/4,2L3-1/2X3-1/2X7/16X3/4,19.6,5.78,3.5,,,,,,,,,6.5,17.9,,3.5,0.438
2L,2L3-1/2X3-1/2X3/8,2L3-1/2X3-1/2X3/8,17,5,3.5,,,,,,,,,5.72,10.8,,3.5,0.375
2L,2L3-1/2X3-1/2X3/8X3/8,2L3-1/2X3-1/2X3/8X3/8,17,5,3.5,,,,,,,,,5.72,12.8,,3.5,0.375
2L,2L3-1/2X3-1/2X3/8X3/4,2L3-1/2X3-1/2X3/8X3/4,17,5,3.5,,,,,,,,,5.72,15.1,,3.5,0.375
2L,2L3-1/2X3-1/2X5/16,2L3-1/2X3-1/2X5/16,14.4,4.2,3.5,,,,,,,,,4.88,8.95,,3.5,0.313
2L,2L3-1/2X3-1/2X5/16X3/8,2L3-1/2X3-1/2X5/16X3/8,14.4,4.2,3.5,,,,,,,,,4.88,10.6,,3.5,0.313
2L,2L3-1/2X3-1/2X5/16X3/4,2L3-1/2X3-1/2X5/16X3/4,14.4,4.2,3.5,,,,,,,,,4.88,12.6,,3.5,0.313
2L,2L3-1/2X3-1/2X1/4,2L3-1/2X3-1/2X1/4,11.6,3.4,3.5,,,,,,,,,4,7.05,,3.5,0.25
2L,2L3-1/2X3-1/2X1/4X3/8,2L3-1/2X3-1/2X1/4X3/8,11.6,3.4,3.5,,,,,,,,,4,8.38,,3.5,0.25
2L,2L3-1/2X3-1/2X1/4X3/4,2L3-1/2X3-1/2X1/4X3/4,11.6,3.4,3.5,,,,,,,,,4,10.1,,3.5,0.25
2L,2L3X3X1/2,2L3X3X1/2,18.8,5.52,3,,,,,,,,,4.4,9.19,,3,0.5
2L,2L3X3X1/2X3/8,2L3X3X1/2X3/8,18.8,5.52,3,,,,,,,,,4.4,11.3,,3,0.5
2L,2L3X3X1/2X3/4,2L3X3X1/2X3/4,18.8,5.52,3,,,,,,,,,4.4,13.8,,3,0.5
2L,2L3X3X7/16,2L3X3X7/16,16.6,4.86,3,,,,,,,,,3.96,7.96,,3,0.438
2L,2L3X3X7/16X3/8,2L3X3X7/16X3/8,16.6,4.86,3,,,,,,,,,3.96,9.8,,3,0.438
2L,2L3X3X7/16X3/4,2L3X3X7/16X3/4,16.6,4.86,3,,,,,,,,,3.96,12,,3,0.438
2L,2L3X3X3/8,2L3X3X3/8,14.4,4.22,3,,,,,,,,,3.5,6.81,,3,0.375
2L,2L3X3X3/8X3/8,2L3X3X3/8X3/8,14.4,4.22,3,,,,,,,,,3.5,8.39,,3,0.375
2L,2L3X3X3/8X3/4,2L3X3X3/8X3/4,14.4,4.22,3,,,,,,,,,3.5,10.1,,3,0.375
2L,2L3X3X5/16,2L3X3X5/16,12.2,3.56,3,,,,,,,,,3,5.65,,3,0.313
2L,2L3X3X5/16X3/8,2L3X3X5/16X3/8,12.2,3.56,3,,,,,,,,,3,6.88,,3,0.313
2L,2L3X3X5/16X3/4,2L3X3X5/16X3/4,12.2,3.56,3,,,,,,,,,3,8.44,,3,0.313
2L,2L3X3X1/4,2L3X3X1/4,9.8,2.88,3,,,,,,,,,2.46,4.5,,3,0.25
2L,2L3X3X1/4X3/8,2L3X3X1/4X3/8,9.8,2.88,3,,,,,,,,,2.46,5.48,,3,0.25
2L,2L3X3X1/4X3/4,2L3X3X1/4X3/4,9.8,2.88,3,,,,,,,,,2.46,6.65,,3,0.25
2L,2L3X3X3/16,2L3X3X3/16,7.42,2.18,3,,,,,,,,,1.9,3.35,,3,0.188
2L,2L3X3X3/16X3/8,2L3X3X3/16X3/8,7.42,2.18,3,,,,,,,,,1.9,4.09,,3,0.188
2L,2L3X3X3/16X3/4,2L3X3X3/16X3/4,7.42,2.18,3,,,,,,,,,1.9,4.97,,3,0.188
2L,2L2-1/2X2-1/2X1/2,2L2-1/2X2-1/2X1/2,15.4,4.52,2.5,,,,,,,,,2.44,5.37,,2.5,0.5
2L,2L2-1/2X2-1/2X1/2X3/8,2L2-1/2X2-1/2X1/2X3/8,15.4,4.52,2.5,,,,,,,,,2.44,6.84,,2.5,0.5
2L,2L2-1/2X2-1/2X1/2X3/4,2L2-1/2X2-1/2X1/2X3/4,15.4,4.52,2.5,,,,,,,,,2.44,8.73,,2.5,0.5
2L,2L2-1/2X2-1/2X3/8,2L2-1/2X2-1/2X3/8,11.8,3.46,2.5,,,,,,,,,1.94,3.96,,2.5,0.375
2L,2L2-1/2X2-1/2X3/8X3/8,2L2-1/2X2-1/2X3/8X3/8,11.8,3.46,2.5,,,,,,,,,1.94,5.07,,2.5,0.375
2L,2L2-1/2X2-1/2X3/8X3/4,2L2-1/2X2-1/2X3/8X3/4,11.8,3.46,2.5,,,,,,,,,1.94,6.4,,2.5,0.375
2L,2L2-1/2X2-1/2X5/16,2L2-1/2X2-1/2X5/16,10,2.92,2.5,,,,,,,,,1.67,3.22,,2.5,0.313
2L,2L2-1/2X2-1/2X5/16X3/8,2L2-1/2X2-1/2X5/16X3/8,10,2.92,2.5,,,,,,,,,1.67,4.14,,2.5,0.313
2L,2L2-1/2X2-1/2X5/16X3/4,2L2-1/2X2-1/2X5/16X3/4,10,2.92,2.5,,,,,,,,,1.67,5.24,,2.5,0.313
2L,2L2-1/2X2-1/2X1/4,2L2-1/2X2-1/2X1/4,8.2,2.38,2.5,,,,,,,,,1.38,2.57,,2.5,0.25
2L,2L2-1/2X2-1/2X1/4X3/8,2L2-1/2X2-1/2X1/4X3/8,8.2,2.38,2.5,,,,,,,,,1.38,3.31,,2.5,0.25
2L,2L2-1/2X2-1/2X1/4X3/4,2L2-1/2X2-1/2X1/4X3/4,8.2,2.38,2.5,,,,,,,,,1.38,4.21,,2.5,0.25
2L,2L2-1/2X2-1/2X3/16,2L2-1/2X2-1/2X3/16,6.14,1.8,2.5,,,,,,,,,1.07,1.91,,2.5,0.188
2L,2L2-1/2X2-1/2X3/16X3/8,2L2-1/2X2-1/2X3/16X3/8,6.14,1.8,2.5,,,,,,,,,1.07,2.46,,2.5,0.188
2L,2L2-1/2X2-1/2X3/16X3/4,2L2-1/2X2-1/2X3/16X3/4,6.14,1.8,2.5,,,,,,,,,1.07,3.09,,2.5,0.188
2L,2L2X2X3/8,2L2X2X3/8,9.4,2.74,2,,,,,,,,,0.952,2.05,,2,0.375
2L,2L2X2X3/8X3/8,2L2X2X3/8X3/8,9.4,2.74,2,,,,,,,,,0.952,2.8,,2,0.375
2L,2L2X2X3/8X3/4,2L2X2X3/8X3/4,9.4,2.74,2,,,,,,,,,0.952,3.75,,2,0.375
2L,2L2X2X5/16,2L2X2X5/16,7.84,2.32,2,,,,,,,,,0.828,1.69,,2,0.313
2L,2L2X2X5/16X3/8,2L2X2X5/16X3/8,7.84,2.32,2,,,,,,,,,0.828,2.3,,2,0.313
2L,2L2X2X5/16X3/4,2L2X2X5/16X3/4,7.84,2.32,2,,,,,,,,,0.828,3.07,,2,0.313
2L,2L2X2X1/4,2L2X2X1/4,6.38,1.89,2,,,,,,,,,0.692,1.34,,2,0.25
2L,2L2X2X1/4X3/8,2L2X2X1/4X3/8,6.38,1.89,2,,,,,,,,,0.692,1.82,,2,0.25
2L,2L2X2X1/4X3/4,2L2X2X1/4X3/4,6.38,1.89,2,,,,,,,,,0.692,2.46,,2,0.25
2L,2L2X2X3/16,2L2X2X3/16,4.88,1.44,2,,,,,,,,,0.542,0.994,,2,0.188
2L,2L2X2X3/16X3/8,2L2X2X3/16X3/8,4.88,1.44,2,,,,,,,,,0.542,1.35,,2,0.188
2L,2L2X2X3/16X3/4,2L2X2X3/16X3/4,4.88,1.44,2,,,,,,,,,0.542,1.81,,2,0.188
2L,2L2X2X1/8,2L2X2X1/8,3.3,0.982,2,,,,,,,,,0.378,0.657,,2,0.125
2L,2L2X2X1/8X3/8,2L2X2X1/8X3/8,3.3,0.982,2,,,,,,,,,0.378,0.888,,2,0.125
2L,2L2X2X1/8X3/4,2L2X2X1/8X3/4,3.3,0.982,2,,,,,,,,,0.378,1.19,,2,0.125
2L,2L8X6X1LLBB,2L8X6X1LLBB,88.4,26.2,8,,,,,,,,,162,150,,6,1
2L,2L8X6X1X3/8LLBB,2L8X6X1X3/8LLBB,88.4,26.2,8,,,,,,,,,162,166,,6,1
2L,2L8X6X1X3/4LLBB,2L8X6X1X3/4LLBB,88.4,26.2,8,,,,,,,,,162,185,,6,1
2L,2L8X6X7/8LLBB,2L8X6X7/8LLBB,78.2,23,8,,,,,,,,,145,129,,6,0.875
2L,2L8X6X7/8X3/8LLBB,2L8X6X7/8X3/8LLBB,78.2,23,8,,,,,,,,,145,144,,6,0.875
2L,2L8X6X7/8X3/4LLBB,2L8X6X7/8X3/4LLBB,78.2,23,8,,,,,,,,,145,159,,6,0.875
2L,2L8X6X3/4LLBB,2L8X6X3/4LLBB,67.6,20,8,,,,,,,,,127,110,,6,0.75
2L,2L8X6X3/4X3/8LLBB,2L8X6X3/4X3/8LLBB,67.6,20,8,,,,,,,,,127,122,,6,0.75
2L,2L8X6X3/4X3/4LLBB,2L8X6X3/4X3/4LLBB,67.6,20,8,,,,,,,,,127,136,,6,0.75
2L,2L8X6X5/8LLBB,2L8X6X5/8LLBB,57,16.8,8,,,,,,,,,108,91.2,,6,0.625
2L,2L8X6X5/8X3/8LLBB,2L8X6X5/8X3/8LLBB,57,16.8,8,,,,,,,,,108,101,,6,0.625
2L,2L8X6X5/8X3/4LLBB,2L8X6X5/8X3/4LLBB,57,16.8,8,,,,,,,,,108,113,,6,0.625
2L,2L8X6X9/16LLBB,2L8X6X9/16LLBB,51.4,15.2,8,,,,,,,,,98.8,81.8,,6,0.563
2L,2L8X6X9/16X3/8LLBB,2L8X6X9/16X3/8LLBB,51.4,15.2,8,,,,,,,,,98.8,90.5,,6,0.563
2L,2L8X6X9/16X3/4LLBB,2L8X6X9/16X3/4LLBB,51.4,15.2,8,,,,,,,,,98.8,101,,6,0.563
2L,2L8X6X1/2LLBB,2L8X6X1/2LLBB,46,13.6,8,,,,,,,,,88.8,72.6,,6,0.5
2L,2L8X6X1/2X3/8LLBB,2L8X6X1/2X3/8LLBB,46,13.6,8,,,,,,,,,88.8,80.3,,6,0.5
2L,2L8X6X1/2X3/4LLBB,2L8X6X1/2X3/4LLBB,46,13.6,8,,,,,,,,,88.8,89.1,,6,0.5
2L,2L8X6X7/16LLBB,2L8X6X7/16LLBB,40.4,12,8,,,,,,,,,78.6,63.5,,6,0.438
2L,2L8X6X7/16X3/8LLBB,2L8X6X7/16X3/8LLBB,40.4,12,8,,,,,,,,,78.6,70.3,,6,0.438
2L,2L8X6X7/16X3/4LLBB,2L8X6X7/16X3/4LLBB,40.4,12,8,,,,,,,,,78.6,78,,6,0.438
2L,2L8X4X1LLBB,2L8X4X1LLBB,74.8,22.2,8,,,,,,,,,139,47.3,,4,1
2L,2L8X4X1X3/8LLBB,2L8X4X1X3/8LLBB,74.8,22.2,8,,,,,,,,,139,56.8,,4,1
2L,2L8X4X1X3/4LLBB,2L8X4X1X3/4LLBB,74.8,22.2,8,,,,,,,,,139,68,,4,1
2L,2L8X4X7/8LLBB,2L8X4X7/8LLBB,66.2,19.6,8,,,,,,,,,125,40.6,,4,0.875
2L,2L8X4X7/8X3/8LLBB,2L8X4X7/8X3/8LLBB,66.2,19.6,8,,,,,,,,,125,48.3,,4,0.875
2L,2L8X4X7/8X3/4LLBB,2L8X4X7/8X3/4LLBB,66.2,19.6,8,,,,,,,,,125,58,,4,0.875
2L,2L8X4X3/4LLBB,2L8X4X3/4LLBB,57.4,17,8,,,,,,,,,110,34.3,,4,0.75
2L,2L8X4X3/4X3/8LLBB,2L8X4X3/4X3/8LLBB,57.4,17,8,,,,,,,,,110,40.8,,4,0.75
2L,2L8X4X3/4X3/4LLBB,2L8X4X3/4X3/4LLBB,57.4,17,8,,,,,,,,,110,48.6,,4,0.75
2L,2L8X4X5/8LLBB,2L8X4X5/8LLBB,48.4,14.3,8,,,,,,,,,94,27.6,,4,0.625
2L,2L8X4X5/8X3/8LLBB,2L8X4X5/8X3/8LLBB,48.4,14.3,8,,,,,,,,,94,33,,4,0.625
2L,2L8X4X5/8X3/4LLBB,2L8X4X5/8X3/4LLBB,48.4,14.3,8,,,,,,,,,94,39.4,,4,0.625
2L,2L8X4X9/16LLBB,2L8X4X9/16LLBB,43.8,13,8,,,,,,,,,85.8,24.8,,4,0.563
2L,2L8X4X9/16X3/8LLBB,2L8X4X9/16X3/8LLBB,43.8,13,8,,,,,,,,,85.8,29.6,,4,0.563
2L,2L8X4X9/16X3/4LLBB,2L8X4X9/16X3/4LLBB,43.8,13,8,,,,,,,,,85.8,35.4,,4,0.563
2L,2L8X4X1/2LLBB,2L8X4X1/2LLBB,39.2,11.6,8,,,,,,,,,77.2,22.1,,4,0.5
2L,2L8X4X1/2X3/8LLBB,2L8X4X1/2X3/8LLBB,39.2,11.6,8,,,,,,,,,77.2,26.1,,4,0.5
2L,2L8X4X1/2X3/4LLBB,2L8X4X1/2X3/4LLBB,39.2,11.6,8,,,,,,,,,77.2,30.8,,4,0.5
2L,2L8X4X7/16LLBB,2L8X4X7/16LLBB,34.4,10.2,8,,,,,,,,,68.4,19.1,,4,0.438
2L,2L8X4X7/16X3/8LLBB,2L8X4X7/16X3/8LLBB,34.4,10.2,8,,,,,,,,,68.4,22.6,,4,0.438
2L,2L8X4X7/16X3/4LLBB,2L8X4X7/16X3/4LLBB,34.4,10.2,8,,,,,,,,,68.4,26.8,,4,0.438
2L,2L7X4X3/4LLBB,2L7X4X3/4LLBB,52.4,15.5,7,,,,,,,,,75.6,34,,4,0.75
2L,2L7X4X3/4X3/8LLBB,2L7X4X3/4X3/8LLBB,52.4,15.5,7,,,,,,,,,75.6,40.2,,4,0.75
2L,2L7X4X3/4X3/4LLBB,2L7X4X3/4X3/4LLBB,52.4,15.5,7,,,,,,,,,75.6,47.5,,4,0.75
2L,2L7X4X5/8LLBB,2L7X4X5/8LLBB,44.2,13,7,,,,,,,,,64.8,27.3,,4,0.625
2L,2L7X4X5/8X3/8LLBB,2L7X4X5/8X3/8LLBB,44.2,13,7,,,,,,,,,64.8,32.5,,4,0.625
2L,2L7X4X5/8X3/4LLBB,2L7X4X5/8X3/4LLBB,44.2,13,7,,,,,,,,,64.8,38.9,,4,0.625
2L,2L7X4X1/2LLBB,2L7X4X1/2LLBB,35.8,10.5,7,,,,,,,,,53.2,21.8,,4,0.5
2L,2L7X4X1/2X3/8LLBB,2L7X4X1/2X3/8LLBB,35.8,10.5,7,,,,,,,,,53.2,25.6,,4,0.5
2L,2L7X4X1/2X3/4LLBB,2L7X4X1/2X3/4LLBB,35.8,10.5,7,,,,,,,,,53.2,30.3,,4,0.5
2L,2L7X4X7/16LLBB,2L7X4X7/16LLBB,31.4,9.26,7,,,,,,,,,47.2,18.9,,4,0.438
2L,2L7X4X7/16X3/8LLBB,2L7X4X7/16X3/8LLBB,31.4,9.26,7,,,,,,,,,47.2,22.2,,4,0.438
2L,2L7X4X7/16X3/4LLBB,2L7X4X7/16X3/4LLBB,31.4,9.26,7,,,,,,,,,47.2,26.1,,4,0.438
2L,2L7X4X3/8LLBB,2L7X4X3/8LLBB,27.2,8,7,,,,,,,,,41,16.1,,4,0.375
2L,2L7X4X3/8X3/8LLBB,2L7X4X3/8X3/8LLBB,27.2,8,7,,,,,,,,,41,19,,4,0.375
2L,2L7X4X3/8X3/4LLBB,2L7X4X3/8X3/4LLBB,27.2,8,7,,,,,,,,,41,22.3,,4,0.375
2L,2L6X4X7/8LLBB,2L6X4X7/8LLBB,54.4,16,6,,,,,,,,,55.4,39.4,,4,0.875
2L,2L6X4X7/8X3/8LLBB,2L6X4X7/8X3/8LLBB,54.4,16,6,,,,,,,,,55.4,46.8,,4,0.875
2L,2L6X4X7/8X3/4LLBB,2L6X4X7/8X3/4LLBB,54.4,16,6,,,,,,,,,55.4,55.4,,4,0.875
2L,2L6X4X3/4LLBB,2L6X4X3/4LLBB,47.2,13.9,6,,,,,,,,,49,33.4,,4,0.75
2L,2L6X4X3/4X3/8LLBB,2L6X4X3/4X3/8LLBB,47.2,13.9,6,,,,,,,,,49,39.2,,4,0.75
2L,2L6X4X3/4X3/4LLBB,2L6X4X3/4X3/4LLBB,47.2,13.9,6,,,,,,,,,49,46.5,,4,0.75
2L,2L6X4X5/8LLBB,2L6X4X5/8LLBB,40,11.7,6,,,,,,,,,42,27.4,,4,0.625
2L,2L6X4X5/8X3/8LLBB,2L6X4X5/8X3/8LLBB,40,11.7,6,,,,,,,,,42,32.2,,4,0.625
2L,2L6X4X5/8X3/4LLBB,2L6X4X5/8X3/4LLBB,40,11.7,6,,,,,,,,,42,37.9,,4,0.625
2L,2L6X4X9/16LLBB,2L6X4X9/16LLBB,36.2,10.6,6,,,,,,,,,38.4,24.5,,4,0.563
2L,2L6X4X9/16X3/8LLBB,2L6X4X9/16X3/8LLBB,36.2,10.6,6,,,,,,,,,38.4,28.9,,4,0.563
2L,2L6X4X9/16X3/4LLBB,2L6X4X9/16X3/4LLBB,36.2,10.6,6,,,,,,,,,38.4,34,,4,0.563
2L,2L6X4X1/2LLBB,2L6X4X1/2LLBB,32.4,9.5,6,,,,,,,,,34.6,21.7,,4,0.5
2L,2L6X4X1/2X3/8LLBB,2L6X4X1/2X3/8LLBB,32.4,9.5,6,,,,,,,,,34.6,25.6,,4,0.5
2L,2L6X4X1/2X3/4LLBB,2L6X4X1/2X3/4LLBB,32.4,9.5,6,,,,,,,,,34.6,29.8,,4,0.5
2L,2L6X4X7/16LLBB,2L6X4X7/16LLBB,28.6,8.36,6,,,,,,,,,30.8,18.8,,4,0.438
2L,2L6X4X7/16X3/8LLBB,2L6X4X7/16X3/8LLBB,28.6,8.36,6,,,,,,,,,30.8,21.9,,4,0.438
2L,2L6X4X7/16X3/4LLBB,2L6X4X7/16X3/4LLBB,28.6,8.36,6,,,,,,,,,30.8,25.9,,4,0.438
2L,2L6X4X3/8LLBB,2L6X4X3/8LLBB,24.6,7.22,6,,,,,,,,,26.8,16,,4,0.375
2L,2L6X4X3/8X3/8LLBB,2L6X4X3/8X3/8LLBB,24.6,7.22,6,,,,,,,,,26.8,18.7,,4,0.375
2L,2L6X4X3/8X3/4LLBB,2L6X4X3/8X3/4LLBB,24.6,7.22,6,,,,,,,,,26.8,22.1,,4,0.375
2L,2L6X4X5/16LLBB,2L6X4X5/16LLBB,20.6,6.06,6,,,,,,,,,22.8,13.3,,4,0.313
2L,2L6X4X5/16X3/8LLBB,2L6X4X5/16X3/8LLBB,20.6,6.06,6,,,,,,,,,22.8,15.5,,4,0.313
2L,2L6X4X5/16X3/4LLBB,2L6X4X5/16X3/4LLBB,20.6,6.06,6,,,,,,,,,22.8,18.3,,4,0.313
2L,2L6X3-1/2X1/2LLBB,2L6X3-1/2X1/2LLBB,30.6,9,6,,,,,,,,,33.2,14.5,,3.5,0.5
2L,2L6X3-1/2X1/2X3/8LLBB,2L6X3-1/2X1/2X3/8LLBB,30.6,9,6,,,,,,,,,33.2,17.6,,3.5,0.5
2L,2L6X3-1/2X1/2X3/4LLBB,2L6X3-1/2X1/2X3/4LLBB,30.6,9,6,,,,,,,,,33.2,21.3,,3.5,0.5
2L,2L6X3-1/2X3/8LLBB,2L6X3-1/2X3/8LLBB,23.4,6.88,6,,,,,,,,,25.8,10.9,,3.5,0.375
2L,2L6X3-1/2X3/8X3/8LLBB,2L6X3-1/2X3/8X3/8LLBB,23.4,6.88,6,,,,,,,,,25.8,13.1,,3.5,0.375
2L,2L6X3-1/2X3/8X3/4LLBB,2L6X3-1/2X3/8X3/4LLBB,23.4,6.88,6,,,,,,,,,25.8,15.9,,3.5,0.375
2L,2L6X3-1/2X5/16LLBB,2L6X3-1/2X5/16LLBB,19.6,5.78,6,,,,,,,,,21.8,9.03,,3.5,0.313
2L,2L6X3-1/2X5/16X3/8LLBB,2L6X3-1/2X5/16X3/8LLBB,19.6,5.78,6,,,,,,,,,21.8,10.8,,3.5,0.313
2L,2L6X3-1/2X5/16X3/4LLBB,2L6X3-1/2X5/16X3/4LLBB,19.6,5.78,6,,,,,,,,,21.8,13,,3.5,0.313
2L,2L5X3-1/2X3/4LLBB,2L5X3-1/2X3/4LLBB,39.6,11.7,5,,,,,,,,,27.8,22.6,,3.5,0.75
2L,2L5X3-1/2X3/4X3/8LLBB,2L5X3-1/2X3/4X3/8LLBB,39.6,11.7,5,,,,,,,,,27.8,27.4,,3.5,0.75
2L,2L5X3-1/2X3/4X3/4LLBB,2L5X3-1/2X3/4X3/4LLBB,39.6,11.7,5,,,,,,,,,27.8,33,,3.5,0.75
2L,2L5X3-1/2X5/8LLBB,2L5X3-1/2X5/8LLBB,33.6,9.86,5,,,,,,,,,24,18.5,,3.5,0.625
2L,2L5X3-1/2X5/8X3/8LLBB,2L5X3-1/2X5/8X3/8LLBB,33.6,9.86,5,,,,,,,,,24,22.2,,3.5,0.625
2L,2L5X3-1/2X5/8X3/4LLBB,2L5X3-1/2X5/8X3/4LLBB,33.6,9.86,5,,,,,,,,,24,26.8,,3.5,0.625
2L,2L5X3-1/2X1/2LLBB,2L5X3-1/2X1/2LLBB,27.2,8,5,,,,,,,,,20,14.6,,3.5,0.5
2L,2L5X3-1/2X1/2X3/8LLBB,2L5X3-1/2X1/2X3/8LLBB,27.2,8,5,,,,,,,,,20,17.5,,3.5,0.5
2L,2L5X3-1/2X1/2X3/4LLBB,2L5X3-1/2X1/2X3/4LLBB,27.2,8,5,,,,,,,,,20,21,,3.5,0.5
2L,2L5X3-1/2X3/8LLBB,2L5X3-1/2X3/8LLBB,20.8,6.1,5,,,,,,,,,15.5,10.8,,3.5,0.375
2L,2L5X3-1/2X3/8X3/8LLBB,2L5X3-1/2X3/8X3/8LLBB,20.8,6.1,5,,,,,,,,,15.5,13,,3.5,0.375
2L,2L5X3-1/2X3/8X3/4LLBB,2L5X3-1/2X3/8X3/4LLBB,20.8,6.1,5,,,,,,,,,15.5,15.4,,3.5,0.375
2L,2L5X3-1/2X5/16LLBB,2L5X3-1/2X5/16LLBB,17.4,5.12,5,,,,,,,,,13.2,8.92,,3.5,0.313
2L,2L5X3-1/2X5/16X3/8LLBB,2L5X3-1/2X5/16X3/8LLBB,17.4,5.12,5,,,,,,,,,13.2,10.6,,3.5,0.313
2L,2L5X3-1/2X5/16X3/4LLBB,2L5X3-1/2X5/16X3/4LLBB,17.4,5.12,5,,,,,,,,,13.2,12.8,,3.5,0.313
2L,2L5X3-1/2X1/4LLBB,2L5X3-1/2X1/4LLBB,14,4.14,5,,,,,,,,,10.7,7.1,,3.5,0.25
2L,2L5X3-1/2X1/4X3/8LLBB,2L5X3-1/2X1/4X3/8LLBB,14,4.14,5,,,,,,,,,10.7,8.47,,3.5,0.25
2L,2L5X3-1/2X1/4X3/4LLBB,2L5X3-1/2X1/4X3/4LLBB,14,4.14,5,,,,,,,,,10.7,10.2,,3.5,0.25
2L,2L5X3X1/2LLBB,2L5X3X1/2LLBB,25.6,7.5,5,,,,,,,,,18.9,9.24,,3,0.5
2L,2L5X3X1/2X3/8LLBB,2L5X3X1/2X3/8LLBB,25.6,7.5,5,,,,,,,,,18.9,11.5,,3,0.5
2L,2L5X3X1/2X3/4LLBB,2L5X3X1/2X3/4LLBB,25.6,7.5,5,,,,,,,,,18.9,14.5,,3,0.5
2L,2L5X3X7/16LLBB,2L5X3X7/16LLBB,22.6,6.62,5,,,,,,,,,16.8,8.01,,3,0.438
2L,2L5X3X7/16X3/8LLBB,2L5X3X7/16X3/8LLBB,22.6,6.62,5,,,,,,,,,16.8,10,,3,0.438
2L,2L5X3X7/16X3/4LLBB,2L5X3X7/16X3/4LLBB,22.6,6.62,5,,,,,,,,,16.8,12.6,,3,0.438
2L,2L5X3X3/8LLBB,2L5X3X3/8LLBB,19.6,5.72,5,,,,,,,,,14.7,6.8,,3,0.375
2L,2L5X3X3/8X3/8LLBB,2L5X3X3/8X3/8LLBB,19.6,5.72,5,,,,,,,,,14.7,8.51,,3,0.375
2L,2L5X3X3/8X3/4LLBB,2L5X3X3/8X3/4LLBB,19.6,5.72,5,,,,,,,,,14.7,10.6,,3,0.375
2L,2L5X3X5/16LLBB,2L5X3X5/16LLBB,16.4,4.82,5,,,,,,,,,12.5,5.62,,3,0.313
2L,2L5X3X5/16X3/8LLBB,2L5X3X5/16X3/8LLBB,16.4,4.82,5,,,,,,,,,12.5,7.06,,3,0.313
2L,2L5X3X5/16X3/4LLBB,2L5X3X5/16X3/4LLBB,16.4,4.82,5,,,,,,,,,12.5,8.78,,3,0.313
2L,2L5X3X1/4LLBB,2L5X3X1/4LLBB,13.2,3.88,5,,,,,,,,,10.2,4.44,,3,0.25
2L,2L5X3X1/4X3/8LLBB,2L5X3X1/4X3/8LLBB,13.2,3.88,5,,,,,,,,,10.2,5.49,,3,0.25
2L,2L5X3X1/4X3/4LLBB,2L5X3X1/4X3/4LLBB,13.2,3.88,5,,,,,,,,,10.2,6.86,,3,0.25
2L,2L4X3-1/2X1/2LLBB,2L4X3-1/2X1/2LLBB,23.8,7,4,,,,,,,,,10.6,14.5,,3.5,0.5
2L,2L4X3-1/2X1/2X3/8LLBB,2L4X3-1/2X1/2X3/8LLBB,23.8,7,4,,,,,,,,,10.6,17.3,,3.5,0.5
2L,2L4X3-1/2X1/2X3/4LLBB,2L4X3-1/2X1/2X3/4LLBB,23.8,7,4,,,,,,,,,10.6,20.7,,3.5,0.5
2L,2L4X3-1/2X3/8LLBB,2L4X3-1/2X3/8LLBB,18.2,5.36,4,,,,,,,,,8.3,10.8,,3.5,0.375
2L,2L4X3-1/2X3/8X3/8LLBB,2L4X3-1/2X3/8X3/8LLBB,18.2,5.36,4,,,,,,,,,8.3,12.9,,3.5,0.375
2L,2L4X3-1/2X3/8X3/4LLBB,2L4X3-1/2X3/8X3/4LLBB,18.2,5.36,4,,,,,,,,,8.3,15.3,,3.5,0.375
2L,2L4X3-1/2X5/16LLBB,2L4X3-1/2X5/16LLBB,15.4,4.5,4,,,,,,,,,7.06,8.82,,3.5,0.313
2L,2L4X3-1/2X5/16X3/8LLBB,2L4X3-1/2X5/16X3/8LLBB,15.4,4.5,4,,,,,,,,,7.06,10.5,,3.5,0.313
2L,2L4X3-1/2X5/16X3/4LLBB,2L4X3-1/2X5/16X3/4LLBB,15.4,4.5,4,,,,,,,,,7.06,12.7,,3.5,0.313
2L,2L4X3-1/2X1/4LLBB,2L4X3-1/2X1/4LLBB,12.4,3.64,4,,,,,,,,,5.78,7.03,,3.5,0.25
2L,2L4X3-1/2X1/4X3/8LLBB,2L4X3-1/2X1/4X3/8LLBB,12.4,3.64,4,,,,,,,,,5.78,8.41,,3.5,0.25
2L,2L4X3-1/2X1/4X3/4LLBB,2L4X3-1/2X1/4X3/4LLBB,12.4,3.64,4,,,,,,,,,5.78,10,,3.5,0.25
2L,2L4X3X5/8LLBB,2L4X3X5/8LLBB,27.2,7.98,4,,,,,,,,,12,11.7,,3,0.625
2L,2L4X3X5/8X3/8LLBB,2L4X3X5/8X3/8LLBB,27.2,7.98,4,,,,,,,,,12,14.5,,3,0.625
2L,2L4X3X5/8X3/4LLBB,2L4X3X5/8X3/4LLBB,27.2,7.98,4,,,,,,,,,12,18,,3,0.625
2L,2L4X3X1/2LLBB,2L4X3X1/2LLBB,22.2,6.5,4,,,,,,,,,10,9.2,,3,0.5
2L,2L4X3X1/2X3/8LLBB,2L4X3X1/2X3/8LLBB,22.2,6.5,4,,,,,,,,,10,11.3,,3,0.5
2L,2L4X3X1/2X3/4LLBB,2L4X3X1/2X3/4LLBB,22.2,6.5,4,,,,,,,,,10,14,,3,0.5
2L,2L4X3X3/8LLBB,2L4X3X3/8LLBB,17,4.98,4,,,,,,,,,7.88,6.82,,3,0.375
2L,2L4X3X3/8X3/8LLBB,2L4X3X3/8X3/8LLBB,17,4.98,4,,,,,,,,,7.88,8.42,,3,0.375
2L,2L4X3X3/8X3/4LLBB,2L4X3X3/8X3/4LLBB,17,4.98,4,,,,,,,,,7.88,10.3,,3,0.375
2L,2L4X3X5/16LLBB,2L4X3X5/16LLBB,14.4,4.18,4,,,,,,,,,6.72,5.62,,3,0.313
2L,2L4X3X5/16X3/8LLBB,2L4X3X5/16X3/8LLBB,14.4,4.18,4,,,,,,,,,6.72,6.96,,3,0.313
2L,2L4X3X5/16X3/4LLBB,2L4X3X5/16X3/4LLBB,14.4,4.18,4,,,,,,,,,6.72,8.55,,3,0.313
2L,2L4X3X1/4LLBB,2L4X3X1/4LLBB,11.6,3.38,4,,,,,,,,,5.5,4.47,,3,0.25
2L,2L4X3X1/4X3/8LLBB,2L4X3X1/4X3/8LLBB,11.6,3.38,4,,,,,,,,,5.5,5.45,,3,0.25
2L,2L4X3X1/4X3/4LLBB,2L4X3X1/4X3/4LLBB,11.6,3.38,4,,,,,,,,,5.5,6.72,,3,0.25
2L,2L3-1/2X3X1/2LLBB,2L3-1/2X3X1/2LLBB,20.4,6.04,3.5,,,,,,,,,6.9,9.14,,3,0.5
2L,2L3-1/2X3X1/2X3/8LLBB,2L3-1/2X3X1/2X3/8LLBB,20.4,6.04,3.5,,,,,,,,,6.9,11.3,,3,0.5
2L,2L3-1/2X3X1/2X3/4LLBB,2L3-1/2X3X1/2X3/4LLBB,20.4,6.04,3.5,,,,,,,,,6.9,14,,3,0.5
2L,2L3-1/2X3X7/16LLBB,2L3-1/2X3X7/16LLBB,18.2,5.34,3.5,,,,,,,,,6.2,7.95,,3,0.438
2L,2L3-1/2X3X7/16X3/8LLBB,2L3-1/2X3X7/16X3/8LLBB,18.2,5.34,3.5,,,,,,,,,6.2,9.88,,3,0.438
2L,2L3-1/2X3X7/16X3/4LLBB,2L3-1/2X3X7/16X3/4LLBB,18.2,5.34,3.5,,,,,,,,,6.2,12.2,,3,0.438
2L,2L3-1/2X3X3/8LLBB,2L3-1/2X3X3/8LLBB,15.8,4.64,3.5,,,,,,,,,5.46,6.79,,3,0.375
2L,2L3-1/2X3X3/8X3/8LLBB,2L3-1/2X3X3/8X3/8LLBB,15.8,4.64,3.5,,,,,,,,,5.46,8.46,,3,0.375
2L,2L3-1/2X3X3/8X3/4LLBB,2L3-1/2X3X3/8X3/4LLBB,15.8,4.64,3.5,,,,,,,,,5.46,10.3,,3,0.375
2L,2L3-1/2X3X5/16LLBB,2L3-1/2X3X5/16LLBB,13.2,3.9,3.5,,,,,,,,,4.66,5.62,,3,0.313
2L,2L3-1/2X3X5/16X3/8LLBB,2L3-1/2X3X5/16X3/8LLBB,13.2,3.9,3.5,,,,,,,,,4.66,6.9,,3,0.313
2L,2L3-1/2X3X5/16X3/4LLBB,2L3-1/2X3X5/16X3/4LLBB,13.2,3.9,3.5,,,,,,,,,4.66,8.54,,3,0.313
2L,2L3-1/2X3X1/4LLBB,2L3-1/2X3X1/4LLBB,10.8,3.16,3.5,,,,,,,,,3.84,4.47,,3,0.25
2L,2L3-1/2X3X1/4X3/8LLBB,2L3-1/2X3X1/4X3/8LLBB,10.8,3.16,3.5,,,,,,,,,3.84,5.51,,3,0.25
2L,2L3-1/2X3X1/4X3/4LLBB,2L3-1/2X3X1/4X3/4LLBB,10.8,3.16,3.5,,,,,,,,,3.84,6.74,,3,0.25
2L,2L3-1/2X2-1/2X1/2LLBB,2L3-1/2X2-1/2X1/2LLBB,18.8,5.54,3.5,,,,,,,,,6.48,5.45,,2.5,0.5
2L,2L3-1/2X2-1/2X1/2X3/8LLBB,2L3-1/2X2-1/2X1/2X3/8LLBB,18.8,5.54,3.5,,,,,,,,,6.48,7.07,,2.5,0.5
2L,2L3-1/2X2-1/2X1/2X3/4LLBB,2L3-1/2X2-1/2X1/2X3/4LLBB,18.8,5.54,3.5,,,,,,,,,6.48,9.08,,2.5,0.5
2L,2L3-1/2X2-1/2X3/8LLBB,2L3-1/2X2-1/2X3/8LLBB,14.4,4.24,3.5,,,,,,,,,5.12,3.99,,2.5,0.375
2L,2L3-1/2X2-1/2X3/8X3/8LLBB,2L3-1/2X2-1/2X3/8X3/8LLBB,14.4,4.24,3.5,,,,,,,,,5.12,5.22,,2.5,0.375
2L,2L3-1/2X2-1/2X3/8X3/4LLBB,2L3-1/2X2-1/2X3/8X3/4LLBB,14.4,4.24,3.5,,,,,,,,,5.12,6.63,,2.5,0.375
2L,2L3-1/2X2-1/2X5/16LLBB,2L3-1/2X2-1/2X5/16LLBB,12.2,3.58,3.5,,,,,,,,,4.4,3.3,,2.5,0.313
2L,2L3-1/2X2-1/2X5/16X3/8LLBB,2L3-1/2X2-1/2X5/16X3/8LLBB,12.2,3.58,3.5,,,,,,,,,4.4,4.25,,2.5,0.313
2L,2L3-1/2X2-1/2X5/16X3/4LLBB,2L3-1/2X2-1/2X5/16X3/4LLBB,12.2,3.58,3.5,,,,,,,,,4.4,5.5,,2.5,0.313
2L,2L3-1/2X2-1/2X1/4LLBB,2L3-1/2X2-1/2X1/4LLBB,9.8,2.9,3.5,,,,,,,,,3.62,2.62,,2.5,0.25
2L,2L3-1/2X2-1/2X1/4X3/8LLBB,2L3-1/2X2-1/2X1/4X3/8LLBB,9.8,2.9,3.5,,,,,,,,,3.62,3.38,,2.5,0.25
2L,2L3-1/2X2-1/2X1/4X3/4LLBB,2L3-1/2X2-1/2X1/4X3/4LLBB,9.8,2.9,3.5,,,,,,,,,3.62,4.32,,2.5,0.25
2L,2L3X2-1/2X1/2LLBB,2L3X2-1/2X1/2LLBB,17,5,3,,,,,,,,,4.14,5.41,,2.5,0.5
2L,2L3X2-1/2X1/2X3/8LLBB,2L3X2-1/2X1/2X3/8LLBB,17,5,3,,,,,,,,,4.14,6.96,,2.5,0.5
2L,2L3X2-1/2X1/2X3/4LLBB,2L3X2-1/2X1/2X3/4LLBB,17,5,3,,,,,,,,,4.14,8.84,,2.5,0.5
2L,2L3X2-1/2X7/16LLBB,2L3X2-1/2X7/16LLBB,15.2,4.44,3,,,,,,,,,3.74,4.62,,2.5,0.438
2L,2L3X2-1/2X7/16X3/8LLBB,2L3X2-1/2X7/16X3/8LLBB,15.2,4.44,3,,,,,,,,,3.74,5.97,,2.5,0.438
2L,2L3X2-1/2X7/16X3/4LLBB,2L3X2-1/2X7/16X3/4LLBB,15.2,4.44,3,,,,,,,,,3.74,7.74,,2.5,0.438
2L,2L3X2-1/2X3/8LLBB,2L3X2-1/2X3/8LLBB,13.2,3.86,3,,,,,,,,,3.3,3.94,,2.5,0.375
2L,2L3X2-1/2X3/8X3/8LLBB,2L3X2-1/2X3/8X3/8LLBB,13.2,3.86,3,,,,,,,,,3.3,5.1,,2.5,0.375
2L,2L3X2-1/2X3/8X3/4LLBB,2L3X2-1/2X3/8X3/4LLBB,13.2,3.86,3,,,,,,,,,3.3,6.52,,2.5,0.375
2L,2L3X2-1/2X5/16LLBB,2L3X2-1/2X5/16LLBB,11.2,3.26,3,,,,,,,,,2.82,3.26,,2.5,0.313
2L,2L3X2-1/2X5/16X3/8LLBB,2L3X2-1/2X5/16X3/8LLBB,11.2,3.26,3,,,,,,,,,2.82,4.24,,2.5,0.313
2L,2L3X2-1/2X5/16X3/4LLBB,2L3X2-1/2X5/16X3/4LLBB,11.2,3.26,3,,,,,,,,,2.82,5.42,,2.5,0.313
2L,2L3X2-1/2X1/4LLBB,2L3X2-1/2X1/4LLBB,9,2.64,3,,,,,,,,,2.32,2.59,,2.5,0.25
2L,2L3X2-1/2X1/4X3/8LLBB,2L3X2-1/2X1/4X3/8LLBB,9,2.64,3,,,,,,,,,2.32,3.31,,2.5,0.25
2L,2L3X2-1/2X1/4X3/4LLBB,2L3X2-1/2X1/4X3/4LLBB,9,2.64,3,,,,,,,,,2.32,4.26,,2.5,0.25
2L,2L3X2-1/2X3/16LLBB,2L3X2-1/2X3/16LLBB,6.78,2,3,,,,,,,,,1.8,1.92,,2.5,0.188
2L,2L3X2-1/2X3/16X3/8LLBB,2L3X2-1/2X3/16X3/8LLBB,6.78,2,3,,,,,,,,,1.8,2.46,,2.5,0.188
2L,2L3X2-1/2X3/16X3/4LLBB,2L3X2-1/2X3/16X3/4LLBB,6.78,2,3,,,,,,,,,1.8,3.13,,2.5,0.188
2L,2L3X2X1/2LLBB,2L3X2X1/2LLBB,15.4,4.52,3,,,,,,,,,3.84,2.86,,2,0.5
2L,2L3X2X1/2X3/8LLBB,2L3X2X1/2X3/8LLBB,15.4,4.52,3,,,,,,,,,3.84,3.99,,2,0.5
2L,2L3X2X1/2X3/4LLBB,2L3X2X1/2X3/4LLBB,15.4,4.52,3,,,,,,,,,3.84,5.47,,2,0.5
2L,2L3X2X3/8LLBB,2L3X2X3/8LLBB,11.8,3.5,3,,,,,,,,,3.08,2.08,,2,0.375
2L,2L3X2X3/8X3/8LLBB,2L3X2X3/8X3/8LLBB,11.8,3.5,3,,,,,,,,,3.08,2.9,,2,0.375
2L,2L3X2X3/8X3/4LLBB,2L3X2X3/8X3/4LLBB,11.8,3.5,3,,,,,,,,,3.08,4.01,,2,0.375
2L,2L3X2X5/16LLBB,2L3X2X5/16LLBB,10,2.96,3,,,,,,,,,2.64,1.71,,2,0.313
2L,2L3X2X5/16X3/8LLBB,2L3X2X5/16X3/8LLBB,10,2.96,3,,,,,,,,,2.64,2.38,,2,0.313
2L,2L3X2X5/16X3/4LLBB,2L3X2X5/16X3/4LLBB,10,2.96,3,,,,,,,,,2.64,3.26,,2,0.313
2L,2L3X2X1/4LLBB,2L3X2X1/4LLBB,8.2,2.4,3,,,,,,,,,2.18,1.35,,2,0.25
2L,2L3X2X1/4X3/8LLBB,2L3X2X1/4X3/8LLBB,8.2,2.4,3,,,,,,,,,2.18,1.87,,2,0.25
2L,2L3X2X1/4X3/4LLBB,2L3X2X1/4X3/4LLBB,8.2,2.4,3,,,,,,,,,2.18,2.55,,2,0.25
2L,2L3X2X3/16LLBB,2L3X2X3/16LLBB,6.14,1.83,3,,,,,,,,,1.69,0.999,,2,0.188
2L,2L3X2X3/16X3/8LLBB,2L3X2X3/16X3/8LLBB,6.14,1.83,3,,,,,,,,,1.69,1.38,,2,0.188
2L,2L3X2X3/16X3/4LLBB,2L3X2X3/16X3/4LLBB,6.14,1.83,3,,,,,,,,,1.69,1.9,,2,0.188
2L,2L2-1/2X2X3/8LLBB,2L2-1/2X2X3/8LLBB,10.6,3.1,2.5,,,,,,,,,1.83,2.06,,2,0.375
2L,2L2-1/2X2X3/8X3/8LLBB,2L2-1/2X2X3/8X3/8LLBB,10.6,3.1,2.5,,,,,,,,,1.83,2.84,,2,0.375
2L,2L2-1/2X2X3/8X3/4LLBB,2L2-1/2X2X3/8X3/4LLBB,10.6,3.1,2.5,,,,,,,,,1.83,3.82,,2,0.375
2L,2L2-1/2X2X5/16LLBB,2L2-1/2X2X5/16LLBB,9,2.64,2.5,,,,,,,,,1.58,1.71,,2,0.313
2L,2L2-1/2X2X5/16X3/8LLBB,2L2-1/2X2X5/16X3/8LLBB,9,2.64,2.5,,,,,,,,,1.58,2.35,,2,0.313
2L,2L2-1/2X2X5/16X3/4LLBB,2L2-1/2X2X5/16X3/4LLBB,9,2.64,2.5,,,,,,,,,1.58,3.19,,2,0.313
2L,2L2-1/2X2X1/4LLBB,2L2-1/2X2X1/4LLBB,7.24,2.14,2.5,,,,,,,,,1.31,1.35,,2,0.25
2L,2L2-1/2X2X1/4X3/8LLBB,2L2-1/2X2X1/4X3/8LLBB,7.24,2.14,2.5,,,,,,,,,1.31,1.85,,2,0.25
2L,2L2-1/2X2X1/4X3/4LLBB,2L2-1/2X2X1/4X3/4LLBB,7.24,2.14,2.5,,,,,,,,,1.31,2.5,,2,0.25
2L,2L2-1/2X2X3/16LLBB,2L2-1/2X2X3/16LLBB,5.5,1.64,2.5,,,,,,,,,1.02,1.01,,2,0.188
2L,2L2-1/2X2X3/16X3/8LLBB,2L2-1/2X2X3/16X3/8LLBB,5.5,1.64,2.5,,,,,,,,,1.02,1.38,,2,0.188
2L,2L2-1/2X2X3/16X3/4LLBB,2L2-1/2X2X3/16X3/4LLBB,5.5,1.64,2.5,,,,,,,,,1.02,1.88,,2,0.188
2L,2L2-1/2X1-1/2X1/4LLBB,2L2-1/2X1-1/2X1/4LLBB,6.38,1.89,2.5,,,,,,,,,1.19,0.574,,1.5,0.25
2L,2L2-1/2X1-1/2X1/4X3/8LLBB,2L2-1/2X1-1/2X1/4X3/8LLBB,6.38,1.89,2.5,,,,,,,,,1.19,0.902,,1.5,0.25
2L,2L2-1/2X1-1/2X1/4X3/4LLBB,2L2-1/2X1-1/2X1/4X3/4LLBB,6.38,1.89,2.5,,,,,,,,,1.19,1.37,,1.5,0.25
2L,2L2-1/2X1-1/2X3/16LLBB,2L2-1/2X1-1/2X3/16LLBB,4.88,1.45,2.5,,,,,,,,,0.928,0.424,,1.5,0.188
2L,2L2-1/2X1-1/2X3/16X3/8LLBB,2L2-1/2X1-1/2X3/16X3/8LLBB,4.88,1.45,2.5,,,,,,,,,0.928,0.665,,1.5,0.188
2L,2L2-1/2X1-1/2X3/16X3/4LLBB,2L2-1/2X1-1/2X3/16X3/4LLBB,4.88,1.45,2.5,,,,,,,,,0.928,1.01,,1.5,0.188
2L,2L8X6X1SLBB,2L8X6X1SLBB,88.4,26.2,6,,,,,,,,,77.6,345,,8,1
2L,2L8X6X1X3/8SLBB,2L8X6X1X3/8SLBB,88.4,26.2,6,,,,,,,,,77.6,372,,8,1
2L,2L8X6X1X3/4SLBB,2L8X6X1X3/4SLBB,88.4,26.2,6,,,,,,,,,77.6,401,,8,1
2L,2L8X6X7/8SLBB,2L8X6X7/8SLBB,78.2,23,6,,,,,,,,,69.8,300,,8,0.875
2L,2L8X6X7/8X3/8SLBB,2L8X6X7/8X3/8SLBB,78.2,23,6,,,,,,,,,69.8,323,,8,0.875
2L,2L8X6X7/8X3/4SLBB,2L8X6X7/8X3/4SLBB,78.2,23,6,,,,,,,,,69.8,348,,8,0.875
2L,2L8X6X3/4SLBB,2L8X6X3/4SLBB,67.6,20,6,,,,,,,,,61.5,258,,8,0.75
2L,2L8X6X3/4X3/8SLBB,2L8X6X3/4X3/8SLBB,67.6,20,6,,,,,,,,,61.5,277,,8,0.75
2L,2L8X6X3/4X3/4SLBB,2L8X6X3/4X3/4SLBB,67.6,20,6,,,,,,,,,61.5,298,,8,0.75
2L,2L8X6X5/8SLBB,2L8X6X5/8SLBB,57,16.8,6,,,,,,,,,52.8,214,,8,0.625
2L,2L8X6X5/8X3/8SLBB,2L8X6X5/8X3/8SLBB,57,16.8,6,,,,,,,,,52.8,230,,8,0.625
2L,2L8X6X5/8X3/4SLBB,2L8X6X5/8X3/4SLBB,57,16.8,6,,,,,,,,,52.8,248,,8,0.625
2L,2L8X6X9/16SLBB,2L8X6X9/16SLBB,51.4,15.2,6,,,,,,,,,48.2,192,,8,0.563
2L,2L8X6X9/16X3/8SLBB,2L8X6X9/16X3/8SLBB,51.4,15.2,6,,,,,,,,,48.2,207,,8,0.563
2L,2L8X6X9/16X3/4SLBB,2L8X6X9/16X3/4SLBB,51.4,15.2,6,,,,,,,,,48.2,223,,8,0.563
2L,2L8X6X1/2SLBB,2L8X6X1/2SLBB,46,13.6,6,,,,,,,,,43.5,170,,8,0.5
2L,2L8X6X1/2X3/8SLBB,2L8X6X1/2X3/8SLBB,46,13.6,6,,,,,,,,,43.5,184,,8,0.5
2L,2L8X6X1/2X3/4SLBB,2L8X6X1/2X3/4SLBB,46,13.6,6,,,,,,,,,43.5,197,,8,0.5
2L,2L8X6X7/16SLBB,2L8X6X7/16SLBB,40.4,12,6,,,,,,,,,38.6,150,,8,0.438
2L,2L8X6X7/16X3/8SLBB,2L8X6X7/16X3/8SLBB,40.4,12,6,,,,,,,,,38.6,161,,8,0.438
2L,2L8X6X7/16X3/4SLBB,2L8X6X7/16X3/4SLBB,40.4,12,6,,,,,,,,,38.6,173,,8,0.438
2L,2L8X4X1SLBB,2L8X4X1SLBB,74.8,22.2,4,,,,,,,,,23.3,345,,8,1
2L,2L8X4X1X3/8SLBB,2L8X4X1X3/8SLBB,74.8,22.2,4,,,,,,,,,23.3,370,,8,1
2L,2L8X4X1X3/4SLBB,2L8X4X1X3/4SLBB,74.8,22.2,4,,,,,,,,,23.3,397,,8,1
2L,2L8X4X7/8SLBB,2L8X4X7/8SLBB,66.2,19.6,4,,,,,,,,,21.1,300,,8,0.875
2L,2L8X4X7/8X3/8SLBB,2L8X4X7/8X3/8SLBB,66.2,19.6,4,,,,,,,,,21.1,323,,8,0.875
2L,2L8X4X7/8X3/4SLBB,2L8X4X7/8X3/4SLBB,66.2,19.6,4,,,,,,,,,21.1,347,,8,0.875
2L,2L8X4X3/4SLBB,2L8X4X3/4SLBB,57.4,17,4,,,,,,,,,18.7,257,,8,0.75
2L,2L8X4X3/4X3/8SLBB,2L8X4X3/4X3/8SLBB,57.4,17,4,,,,,,,,,18.7,276,,8,0.75
2L,2L8X4X3/4X3/4SLBB,2L8X4X3/4X3/4SLBB,57.4,17,4,,,,,,,,,18.7,297,,8,0.75
2L,2L8X4X5/8SLBB,2L8X4X5/8SLBB,48.4,14.3,4,,,,,,,,,16.2,213,,8,0.625
2L,2L8X4X5/8X3/8SLBB,2L8X4X5/8X3/8SLBB,48.4,14.3,4,,,,,,,,,16.2,229,,8,0.625
2L,2L8X4X5/8X3/4SLBB,2L8X4X5/8X3/4SLBB,48.4,14.3,4,,,,,,,,,16.2,246,,8,0.625
2L,2L8X4X9/16SLBB,2L8X4X9/16SLBB,43.8,13,4,,,,,,,,,14.9,193,,8,0.563
2L,2L8X4X9/16X3/8SLBB,2L8X4X9/16X3/8SLBB,43.8,13,4,,,,,,,,,14.9,207,,8,0.563
2L,2L8X4X9/16X3/4SLBB,2L8X4X9/16X3/4SLBB,43.8,13,4,,,,,,,,,14.9,222,,8,0.563
2L,2L8X4X1/2SLBB,2L8X4X1/2SLBB,39.2,11.6,4,,,,,,,,,13.5,170,,8,0.5
2L,2L8X4X1/2X3/8SLBB,2L8X4X1/2X3/8SLBB,39.2,11.6,4,,,,,,,,,13.5,183,,8,0.5
2L,2L8X4X1/2X3/4SLBB,2L8X4X1/2X3/4SLBB,39.2,11.6,4,,,,,,,,,13.5,197,,8,0.5
2L,2L8X4X7/16SLBB,2L8X4X7/16SLBB,34.4,10.2,4,,,,,,,,,12.1,149,,8,0.438
2L,2L8X4X7/16X3/8SLBB,2L8X4X7/16X3/8SLBB,34.4,10.2,4,,,,,,,,,12.1,160,,8,0.438
2L,2L8X4X7/16X3/4SLBB,2L8X4X7/16X3/4SLBB,34.4,10.2,4,,,,,,,,,12.1,171,,8,0.438
2L,2L7X4X3/4SLBB,2L7X4X3/4SLBB,52.4,15.5,4,,,,,,,,,18,173,,7,0.75
2L,2L7X4X3/4X3/8SLBB,2L7X4X3/4X3/8SLBB,52.4,15.5,4,,,,,,,,,18,188,,7,0.75
2L,2L7X4X3/4X3/4SLBB,2L7X4X3/4X3/4SLBB,52.4,15.5,4,,,,,,,,,18,204,,7,0.75
2L,2L7X4X5/8SLBB,2L7X4X5/8SLBB,44.2,13,4,,,,,,,,,15.6,142,,7,0.625
2L,2L7X4X5/8X3/8SLBB,2L7X4X5/8X3/8SLBB,44.2,13,4,,,,,,,,,15.6,156,,7,0.625
2L,2L7X4X5/8X3/4SLBB,2L7X4X5/8X3/4SLBB,44.2,13,4,,,,,,,,,15.6,168,,7,0.625
2L,2L7X4X1/2SLBB,2L7X4X1/2SLBB,35.8,10.5,4,,,,,,,,,13,114,,7,0.5
2L,2L7X4X1/2X3/8SLBB,2L7X4X1/2X3/8SLBB,35.8,10.5,4,,,,,,,,,13,124,,7,0.5
2L,2L7X4X1/2X3/4SLBB,2L7X4X1/2X3/4SLBB,35.8,10.5,4,,,,,,,,,13,134,,7,0.5
2L,2L7X4X7/16SLBB,2L7X4X7/16SLBB,31.4,9.26,4,,,,,,,,,11.6,99.6,,7,0.438
2L,2L7X4X7/16X3/8SLBB,2L7X4X7/16X3/8SLBB,31.4,9.26,4,,,,,,,,,11.6,108,,7,0.438
2L,2L7X4X7/16X3/4SLBB,2L7X4X7/16X3/4SLBB,31.4,9.26,4,,,,,,,,,11.6,117,,7,0.438
2L,2L7X4X3/8SLBB,2L7X4X3/8SLBB,27.2,8,4,,,,,,,,,10.1,85,,7,0.375
2L,2L7X4X3/8X3/8SLBB,2L7X4X3/8X3/8SLBB,27.2,8,4,,,,,,,,,10.1,92.5,,7,0.375
2L,2L7X4X3/8X3/4SLBB,2L7X4X3/8X3/4SLBB,27.2,8,4,,,,,,,,,10.1,100,,7,0.375
2L,2L6X4X7/8SLBB,2L6X4X7/8SLBB,54.4,16,4,,,,,,,,,19.4,127,,6,0.875
2L,2L6X4X7/8X3/8SLBB,2L6X4X7/8X3/8SLBB,54.4,16,4,,,,,,,,,19.4,140,,6,0.875
2L,2L6X4X7/8X3/4SLBB,2L6X4X7/8X3/4SLBB,54.4,16,4,,,,,,,,,19.4,155,,6,0.875
2L,2L6X4X3/4SLBB,2L6X4X3/4SLBB,47.2,13.9,4,,,,,,,,,17.3,109,,6,0.75
2L,2L6X4X3/4X3/8SLBB,2L6X4X3/4X3/8SLBB,47.2,13.9,4,,,,,,,,,17.3,120,,6,0.75
2L,2L6X4X3/4X3/4SLBB,2L6X4X3/4X3/4SLBB,47.2,13.9,4,,,,,,,,,17.3,132,,6,0.75
2L,2L6X4X5/8SLBB,2L6X4X5/8SLBB,40,11.7,4,,,,,,,,,15,89.8,,6,0.625
2L,2L6X4X5/8X3/8SLBB,2L6X4X5/8X3/8SLBB,40,11.7,4,,,,,,,,,15,99.1,,6,0.625
2L,2L6X4X5/8X3/4SLBB,2L6X4X5/8X3/4SLBB,40,11.7,4,,,,,,,,,15,110,,6,0.625
2L,2L6X4X9/16SLBB,2L6X4X9/16SLBB,36.2,10.6,4,,,,,,,,,13.7,80.7,,6,0.563
2L,2L6X4X9/16X3/8SLBB,2L6X4X9/16X3/8SLBB,36.2,10.6,4,,,,,,,,,13.7,89.1,,6,0.563
2L,2L6X4X9/16X3/4SLBB,2L6X4X9/16X3/4SLBB,36.2,10.6,4,,,,,,,,,13.7,98,,6,0.563
2L,2L6X4X1/2SLBB,2L6X4X1/2SLBB,32.4,9.5,4,,,,,,,,,12.4,71.8,,6,0.5
2L,2L6X4X1/2X3/8SLBB,2L6X4X1/2X3/8SLBB,32.4,9.5,4,,,,,,,,,12.4,79.3,,6,0.5
2L,2L6X4X1/2X3/4SLBB,2L6X4X1/2X3/4SLBB,32.4,9.5,4,,,,,,,,,12.4,87.2,,6,0.5
2L,2L6X4X7/16SLBB,2L6X4X7/16SLBB,28.6,8.36,4,,,,,,,,,11.1,62.8,,6,0.438
2L,2L6X4X7/16X3/8SLBB,2L6X4X7/16X3/8SLBB,28.6,8.36,4,,,,,,,,,11.1,69.3,,6,0.438
2L,2L6X4X7/16X3/4SLBB,2L6X4X7/16X3/4SLBB,28.6,8.36,4,,,,,,,,,11.1,76.2,,6,0.438
2L,2L6X4X3/8SLBB,2L6X4X3/8SLBB,24.6,7.22,4,,,,,,,,,9.72,53.8,,6,0.375
2L,2L6X4X3/8X3/8SLBB,2L6X4X3/8X3/8SLBB,24.6,7.22,4,,,,,,,,,9.72,59.1,,6,0.375
2L,2L6X4X3/8X3/4SLBB,2L6X4X3/8X3/4SLBB,24.6,7.22,4,,,,,,,,,9.72,65,,6,0.375
2L,2L6X4X5/16SLBB,2L6X4X5/16SLBB,20.6,6.06,4,,,,,,,,,8.26,44.8,,6,0.313
2L,2L6X4X5/16X3/8SLBB,2L6X4X5/16X3/8SLBB,20.6,6.06,4,,,,,,,,,8.26,49.2,,6,0.313
2L,2L6X4X5/16X3/4SLBB,2L6X4X5/16X3/4SLBB,20.6,6.06,4,,,,,,,,,8.26,54.2,,6,0.313
2L,2L6X3-1/2X1/2SLBB,2L6X3-1/2X1/2SLBB,30.6,9,3.5,,,,,,,,,8.47,71.6,,6,0.5
2L,2L6X3-1/2X1/2X3/8SLBB,2L6X3-1/2X1/2X3/8SLBB,30.6,9,3.5,,,,,,,,,8.47,78.9,,6,0.5
2L,2L6X3-1/2X1/2X3/4SLBB,2L6X3-1/2X1/2X3/4SLBB,30.6,9,3.5,,,,,,,,,8.47,87,,6,0.5
2L,2L6X3-1/2X3/8SLBB,2L6X3-1/2X3/8SLBB,23.4,6.88,3.5,,,,,,,,,6.65,53.9,,6,0.375
2L,2L6X3-1/2X3/8X3/8SLBB,2L6X3-1/2X3/8X3/8SLBB,23.4,6.88,3.5,,,,,,,,,6.65,59.5,,6,0.375
2L,2L6X3-1/2X3/8X3/4SLBB,2L6X3-1/2X3/8X3/4SLBB,23.4,6.88,3.5,,,,,,,,,6.65,65.3,,6,0.375
2L,2L6X3-1/2X5/16SLBB,2L6X3-1/2X5/16SLBB,19.6,5.78,3.5,,,,,,,,,5.68,44.7,,6,0.313
2L,2L6X3-1/2X5/16X3/8SLBB,2L6X3-1/2X5/16X3/8SLBB,19.6,5.78,3.5,,,,,,,,,5.68,49.3,,6,0.313
2L,2L6X3-1/2X5/16X3/4SLBB,2L6X3-1/2X5/16X3/4SLBB,19.6,5.78,3.5,,,,,,,,,5.68,54.1,,6,0.313
2L,2L5X3-1/2X3/4SLBB,2L5X3-1/2X3/4SLBB,39.6,11.7,3.5,,,,,,,,,11,63.5,,5,0.75
2L,2L5X3-1/2X3/4X3/8SLBB,2L5X3-1/2X3/4X3/8SLBB,39.6,11.7,3.5,,,,,,,,,11,71.4,,5,0.75
2L,2L5X3-1/2X3/4X3/4SLBB,2L5X3-1/2X3/4X3/4SLBB,39.6,11.7,3.5,,,,,,,,,11,80.3,,5,0.75
2L,2L5X3-1/2X5/8SLBB,2L5X3-1/2X5/8SLBB,33.6,9.86,3.5,,,,,,,,,9.6,52.2,,5,0.625
2L,2L5X3-1/2X5/8X3/8SLBB,2L5X3-1/2X5/8X3/8SLBB,33.6,9.86,3.5,,,,,,,,,9.6,59.2,,5,0.625
2L,2L5X3-1/2X5/8X3/4SLBB,2L5X3-1/2X5/8X3/4SLBB,33.6,9.86,3.5,,,,,,,,,9.6,66.1,,5,0.625
2L,2L5X3-1/2X1/2SLBB,2L5X3-1/2X1/2SLBB,27.2,8,3.5,,,,,,,,,8.04,41.6,,5,0.5
2L,2L5X3-1/2X1/2X3/8SLBB,2L5X3-1/2X1/2X3/8SLBB,27.2,8,3.5,,,,,,,,,8.04,46.9,,5,0.5
2L,2L5X3-1/2X1/2X3/4SLBB,2L5X3-1/2X1/2X3/4SLBB,27.2,8,3.5,,,,,,,,,8.04,52.8,,5,0.5
2L,2L5X3-1/2X3/8SLBB,2L5X3-1/2X3/8SLBB,20.8,6.1,3.5,,,,,,,,,6.31,31.2,,5,0.375
2L,2L5X3-1/2X3/8X3/8SLBB,2L5X3-1/2X3/8X3/8SLBB,20.8,6.1,3.5,,,,,,,,,6.31,34.8,,5,0.375
2L,2L5X3-1/2X3/8X3/4SLBB,2L5X3-1/2X3/8X3/4SLBB,20.8,6.1,3.5,,,,,,,,,6.31,39.4,,5,0.375
2L,2L5X3-1/2X5/16SLBB,2L5X3-1/2X5/16SLBB,17.4,5.12,3.5,,,,,,,,,5.38,25.9,,5,0.313
2L,2L5X3-1/2X5/16X3/8SLBB,2L5X3-1/2X5/16X3/8SLBB,17.4,5.12,3.5,,,,,,,,,5.38,29,,5,0.313
2L,2L5X3-1/2X5/16X3/4SLBB,2L5X3-1/2X5/16X3/4SLBB,17.4,5.12,3.5,,,,,,,,,5.38,32.5,,5,0.313
2L,2L5X3-1/2X1/4SLBB,2L5X3-1/2X1/4SLBB,14,4.14,3.5,,,,,,,,,4.4,20.6,,5,0.25
2L,2L5X3-1/2X1/4X3/8SLBB,2L5X3-1/2X1/4X3/8SLBB,14,4.14,3.5,,,,,,,,,4.4,23.3,,5,0.25
2L,2L5X3-1/2X1/4X3/4SLBB,2L5X3-1/2X1/4X3/4SLBB,14,4.14,3.5,,,,,,,,,4.4,26.1,,5,0.25
2L,2L5X3X1/2SLBB,2L5X3X1/2SLBB,25.6,7.5,3,,,,,,,,,5.1,41.4,,5,0.5
2L,2L5X3X1/2X3/8SLBB,2L5X3X1/2X3/8SLBB,25.6,7.5,3,,,,,,,,,5.1,46.9,,5,0.5
2L,2L5X3X1/2X3/4SLBB,2L5X3X1/2X3/4SLBB,25.6,7.5,3,,,,,,,,,5.1,52.3,,5,0.5
2L,2L5X3X7/16SLBB,2L5X3X7/16SLBB,22.6,6.62,3,,,,,,,,,4.58,36.2,,5,0.438
2L,2L5X3X7/16X3/8SLBB,2L5X3X7/16X3/8SLBB,22.6,6.62,3,,,,,,,,,4.58,40.7,,5,0.438
2L,2L5X3X7/16X3/4SLBB,2L5X3X7/16X3/4SLBB,22.6,6.62,3,,,,,,,,,4.58,45.8,,5,0.438
2L,2L5X3X3/8SLBB,2L5X3X3/8SLBB,19.6,5.72,3,,,,,,,,,4.02,31.1,,5,0.375
2L,2L5X3X3/8X3/8SLBB,2L5X3X3/8X3/8SLBB,19.6,5.72,3,,,,,,,,,4.02,34.9,,5,0.375
2L,2L5X3X3/8X3/4SLBB,2L5X3X3/8X3/4SLBB,19.6,5.72,3,,,,,,,,,4.02,39.3,,5,0.375
2L,2L5X3X5/16SLBB,2L5X3X5/16SLBB,16.4,4.82,3,,,,,,,,,3.44,25.9,,5,0.313
2L,2L5X3X5/16X3/8SLBB,2L5X3X5/16X3/8SLBB,16.4,4.82,3,,,,,,,,,3.44,29.2,,5,0.313
2L,2L5X3X5/16X3/4SLBB,2L5X3X5/16X3/4SLBB,16.4,4.82,3,,,,,,,,,3.44,32.6,,5,0.313
2L,2L5X3X1/4SLBB,2L5X3X1/4SLBB,13.2,3.88,3,,,,,,,,,2.82,20.5,,5,0.25
2L,2L5X3X1/4X3/8SLBB,2L5X3X1/4X3/8SLBB,13.2,3.88,3,,,,,,,,,2.82,23.1,,5,0.25
2L,2L5X3X1/4X3/4SLBB,2L5X3X1/4X3/4SLBB,13.2,3.88,3,,,,,,,,,2.82,25.8,,5,0.25
2L,2L4X3-1/2X1/2SLBB,2L4X3-1/2X1/2SLBB,23.8,7,3.5,,,,,,,,,7.53,21.4,,4,0.5
2L,2L4X3-1/2X1/2X3/8SLBB,2L4X3-1/2X1/2X3/8SLBB,23.8,7,3.5,,,,,,,,,7.53,25,,4,0.5
2L,2L4X3-1/2X1/2X3/4SLBB,2L4X3-1/2X1/2X3/4SLBB,23.8,7,3.5,,,,,,,,,7.53,28.8,,4,0.5
2L,2L4X3-1/2X3/8SLBB,2L4X3-1/2X3/8SLBB,18.2,5.36,3.5,,,,,,,,,5.92,16,,4,0.375
2L,2L4X3-1/2X3/8X3/8SLBB,2L4X3-1/2X3/8X3/8SLBB,18.2,5.36,3.5,,,,,,,,,5.92,18.5,,4,0.375
2L,2L4X3-1/2X3/8X3/4SLBB,2L4X3-1/2X3/8X3/4SLBB,18.2,5.36,3.5,,,,,,,,,5.92,21.4,,4,0.375
2L,2L4X3-1/2X5/16SLBB,2L4X3-1/2X5/16SLBB,15.4,4.5,3.5,,,,,,,,,5.05,13.3,,4,0.313
2L,2L4X3-1/2X5/16X3/8SLBB,2L4X3-1/2X5/16X3/8SLBB,15.4,4.5,3.5,,,,,,,,,5.05,15.4,,4,0.313
2L,2L4X3-1/2X5/16X3/4SLBB,2L4X3-1/2X5/16X3/4SLBB,15.4,4.5,3.5,,,,,,,,,5.05,17.8,,4,0.313
2L,2L4X3-1/2X1/4SLBB,2L4X3-1/2X1/4SLBB,12.4,3.64,3.5,,,,,,,,,4.13,10.5,,4,0.25
2L,2L4X3-1/2X1/4X3/8SLBB,2L4X3-1/2X1/4X3/8SLBB,12.4,3.64,3.5,,,,,,,,,4.13,12.2,,4,0.25
2L,2L4X3-1/2X1/4X3/4SLBB,2L4X3-1/2X1/4X3/4SLBB,12.4,3.64,3.5,,,,,,,,,4.13,14.1,,4,0.25
2L,2L4X3X5/8SLBB,2L4X3X5/8SLBB,27.2,7.98,3,,,,,,,,,5.7,27,,4,0.625
2L,2L4X3X5/8X3/8SLBB,2L4X3X5/8X3/8SLBB,27.2,7.98,3,,,,,,,,,5.7,31.3,,4,0.625
2L,2L4X3X5/8X3/4SLBB,2L4X3X5/8X3/4SLBB,27.2,7.98,3,,,,,,,,,5.7,36.2,,4,0.625
2L,2L4X3X1/2SLBB,2L4X3X1/2SLBB,22.2,6.5,3,,,,,,,,,4.79,21.3,,4,0.5
2L,2L4X3X1/2X3/8SLBB,2L4X3X1/2X3/8SLBB,22.2,6.5,3,,,,,,,,,4.79,24.7,,4,0.5
2L,2L4X3X1/2X3/4SLBB,2L4X3X1/2X3/4SLBB,22.2,6.5,3,,,,,,,,,4.79,28.7,,4,0.5
2L,2L4X3X3/8SLBB,2L4X3X3/8SLBB,17,4.98,3,,,,,,,,,3.79,16,,4,0.375
2L,2L4X3X3/8X3/8SLBB,2L4X3X3/8X3/8SLBB,17,4.98,3,,,,,,,,,3.79,18.6,,4,0.375
2L,2L4X3X3/8X3/4SLBB,2L4X3X3/8X3/4SLBB,17,4.98,3,,,,,,,,,3.79,21.3,,4,0.375
2L,2L4X3X5/16SLBB,2L4X3X5/16SLBB,14.4,4.18,3,,,,,,,,,3.24,13.2,,4,0.313
2L,2L4X3X5/16X3/8SLBB,2L4X3X5/16X3/8SLBB,14.4,4.18,3,,,,,,,,,3.24,15.2,,4,0.313
2L,2L4X3X5/16X3/4SLBB,2L4X3X5/16X3/4SLBB,14.4,4.18,3,,,,,,,,,3.24,17.7,,4,0.313
2L,2L4X3X1/4SLBB,2L4X3X1/4SLBB,11.6,3.38,3,,,,,,,,,2.66,10.5,,4,0.25
2L,2L4X3X1/4X3/8SLBB,2L4X3X1/4X3/8SLBB,11.6,3.38,3,,,,,,,,,2.66,12.2,,4,0.25
2L,2L4X3X1/4X3/4SLBB,2L4X3X1/4X3/4SLBB,11.6,3.38,3,,,,,,,,,2.66,14.1,,4,0.25
2L,2L3-1/2X3X1/2SLBB,2L3-1/2X3X1/2SLBB,20.4,6.04,3,,,,,,,,,4.65,14.5,,3.5,0.5
2L,2L3-1/2X3X1/2X3/8SLBB,2L3-1/2X3X1/2X3/8SLBB,20.4,6.04,3,,,,,,,,,4.65,17.3,,3.5,0.5
2L,2L3-1/2X3X1/2X3/4SLBB,2L3-1/2X3X1/2X3/4SLBB,20.4,6.04,3,,,,,,,,,4.65,20.4,,3.5,0.5
2L,2L3-1/2X3X7/16SLBB,2L3-1/2X3X7/16SLBB,18.2,5.34,3,,,,,,,,,4.18,12.7,,3.5,0.438
2L,2L3-1/2X3X7/16X3/8SLBB,2L3-1/2X3X7/16X3/8SLBB,18.2,5.34,3,,,,,,,,,4.18,14.9,,3.5,0.438
2L,2L3-1/2X3X7/16X3/4SLBB,2L3-1/2X3X7/16X3/4SLBB,18.2,5.34,3,,,,,,,,,4.18,17.7,,3.5,0.438
2L,2L3-1/2X3X3/8SLBB,2L3-1/2X3X3/8SLBB,15.8,4.64,3,,,,,,,,,3.69,10.7,,3.5,0.375
2L,2L3-1/2X3X3/8X3/8SLBB,2L3-1/2X3X3/8X3/8SLBB,15.8,4.64,3,,,,,,,,,3.69,12.8,,3.5,0.375
2L,2L3-1/2X3X3/8X3/4SLBB,2L3-1/2X3X3/8X3/4SLBB,15.8,4.64,3,,,,,,,,,3.69,15.2,,3.5,0.375
2L,2L3-1/2X3X5/16SLBB,2L3-1/2X3X5/16SLBB,13.2,3.9,3,,,,,,,,,3.16,8.89,,3.5,0.313
2L,2L3-1/2X3X5/16X3/8SLBB,2L3-1/2X3X5/16X3/8SLBB,13.2,3.9,3,,,,,,,,,3.16,10.6,,3.5,0.313
2L,2L3-1/2X3X5/16X3/4SLBB,2L3-1/2X3X5/16X3/4SLBB,13.2,3.9,3,,,,,,,,,3.16,12.5,,3.5,0.313
2L,2L3-1/2X3X1/4SLBB,2L3-1/2X3X1/4SLBB,10.8,3.16,3,,,,,,,,,2.61,7.11,,3.5,0.25
2L,2L3-1/2X3X1/4X3/8SLBB,2L3-1/2X3X1/4X3/8SLBB,10.8,3.16,3,,,,,,,,,2.61,8.4,,3.5,0.25
2L,2L3-1/2X3X1/4X3/4SLBB,2L3-1/2X3X1/4X3/4SLBB,10.8,3.16,3,,,,,,,,,2.61,10,,3.5,0.25
2L,2L3-1/2X2-1/2X1/2SLBB,2L3-1/2X2-1/2X1/2SLBB,18.8,5.54,2.5,,,,,,,,,2.72,14.5,,3.5,0.5
2L,2L3-1/2X2-1/2X1/2X3/8SLBB,2L3-1/2X2-1/2X1/2X3/8SLBB,18.8,5.54,2.5,,,,,,,,,2.72,17.2,,3.5,0.5
2L,2L3-1/2X2-1/2X1/2X3/4SLBB,2L3-1/2X2-1/2X1/2X3/4SLBB,18.8,5.54,2.5,,,,,,,,,2.72,20.2,,3.5,0.5
2L,2L3-1/2X2-1/2X3/8SLBB,2L3-1/2X2-1/2X3/8SLBB,14.4,4.24,2.5,,,,,,,,,2.17,10.7,,3.5,0.375
2L,2L3-1/2X2-1/2X3/8X3/8SLBB,2L3-1/2X2-1/2X3/8X3/8SLBB,14.4,4.24,2.5,,,,,,,,,2.17,12.7,,3.5,0.375
2L,2L3-1/2X2-1/2X3/8X3/4SLBB,2L3-1/2X2-1/2X3/8X3/4SLBB,14.4,4.24,2.5,,,,,,,,,2.17,15,,3.5,0.375
2L,2L3-1/2X2-1/2X5/16SLBB,2L3-1/2X2-1/2X5/16SLBB,12.2,3.58,2.5,,,,,,,,,1.87,8.94,,3.5,0.313
2L,2L3-1/2X2-1/2X5/16X3/8SLBB,2L3-1/2X2-1/2X5/16X3/8SLBB,12.2,3.58,2.5,,,,,,,,,1.87,10.6,,3.5,0.313
2L,2L3-1/2X2-1/2X5/16X3/4SLBB,2L3-1/2X2-1/2X5/16X3/4SLBB,12.2,3.58,2.5,,,,,,,,,1.87,12.5,,3.5,0.313
2L,2L3-1/2X2-1/2X1/4SLBB,2L3-1/2X2-1/2X1/4SLBB,9.8,2.9,2.5,,,,,,,,,1.55,7.15,,3.5,0.25
2L,2L3-1/2X2-1/2X1/4X3/8SLBB,2L3-1/2X2-1/2X1/4X3/8SLBB,9.8,2.9,2.5,,,,,,,,,1.55,8.38,,3.5,0.25
2L,2L3-1/2X2-1/2X1/4X3/4SLBB,2L3-1/2X2-1/2X1/4X3/4SLBB,9.8,2.9,2.5,,,,,,,,,1.55,9.93,,3.5,0.25
2L,2L3X2-1/2X1/2SLBB,2L3X2-1/2X1/2SLBB,17,5,2.5,,,,,,,,,2.58,9.11,,3,0.5
2L,2L3X2-1/2X1/2X3/8SLBB,2L3X2-1/2X1/2X3/8SLBB,17,5,2.5,,,,,,,,,2.58,11.1,,3,0.5
2L,2L3X2-1/2X1/2X3/4SLBB,2L3X2-1/2X1/2X3/4SLBB,17,5,2.5,,,,,,,,,2.58,13.4,,3,0.5
2L,2L3X2-1/2X7/16SLBB,2L3X2-1/2X7/16SLBB,15.2,4.44,2.5,,,,,,,,,2.33,7.97,,3,0.438
2L,2L3X2-1/2X7/16X3/8SLBB,2L3X2-1/2X7/16X3/8SLBB,15.2,4.44,2.5,,,,,,,,,2.33,9.73,,3,0.438
2L,2L3X2-1/2X7/16X3/4SLBB,2L3X2-1/2X7/16X3/4SLBB,15.2,4.44,2.5,,,,,,,,,2.33,11.8,,3,0.438
2L,2L3X2-1/2X3/8SLBB,2L3X2-1/2X3/8SLBB,13.2,3.86,2.5,,,,,,,,,2.06,6.73,,3,0.375
2L,2L3X2-1/2X3/8X3/8SLBB,2L3X2-1/2X3/8X3/8SLBB,13.2,3.86,2.5,,,,,,,,,2.06,8.23,,3,0.375
2L,2L3X2-1/2X3/8X3/4SLBB,2L3X2-1/2X3/8X3/4SLBB,13.2,3.86,2.5,,,,,,,,,2.06,10,,3,0.375
2L,2L3X2-1/2X5/16SLBB,2L3X2-1/2X5/16SLBB,11.2,3.26,2.5,,,,,,,,,1.78,5.59,,3,0.313
2L,2L3X2-1/2X5/16X3/8SLBB,2L3X2-1/2X5/16X3/8SLBB,11.2,3.26,2.5,,,,,,,,,1.78,6.85,,3,0.313
2L,2L3X2-1/2X5/16X3/4SLBB,2L3X2-1/2X5/16X3/4SLBB,11.2,3.26,2.5,,,,,,,,,1.78,8.35,,3,0.313
2L,2L3X2-1/2X1/4SLBB,2L3X2-1/2X1/4SLBB,9,2.64,2.5,,,,,,,,,1.47,4.46,,3,0.25
2L,2L3X2-1/2X1/4X3/8SLBB,2L3X2-1/2X1/4X3/8SLBB,9,2.64,2.5,,,,,,,,,1.47,5.47,,3,0.25
2L,2L3X2-1/2X1/4X3/4SLBB,2L3X2-1/2X1/4X3/4SLBB,9,2.64,2.5,,,,,,,,,1.47,6.59,,3,0.25
2L,2L3X2-1/2X3/16SLBB,2L3X2-1/2X3/16SLBB,6.78,2,2.5,,,,,,,,,1.14,3.33,,3,0.188
2L,2L3X2-1/2X3/16X3/8SLBB,2L3X2-1/2X3/16X3/8SLBB,6.78,2,2.5,,,,,,,,,1.14,4.03,,3,0.188
2L,2L3X2-1/2X3/16X3/4SLBB,2L3X2-1/2X3/16X3/4SLBB,6.78,2,2.5,,,,,,,,,1.14,4.93,,3,0.188
2L,2L3X2X1/2SLBB,2L3X2X1/2SLBB,15.4,4.52,2,,,,,,,,,1.33,9.11,,3,0.5
2L,2L3X2X1/2X3/8SLBB,2L3X2X1/2X3/8SLBB,15.4,4.52,2,,,,,,,,,1.33,11,,3,0.5
2L,2L3X2X1/2X3/4SLBB,2L3X2X1/2X3/4SLBB,15.4,4.52,2,,,,,,,,,1.33,13.4,,3,0.5
2L,2L3X2X3/8SLBB,2L3X2X3/8SLBB,11.8,3.5,2,,,,,,,,,1.08,6.76,,3,0.375
2L,2L3X2X3/8X3/8SLBB,2L3X2X3/8X3/8SLBB,11.8,3.5,2,,,,,,,,,1.08,8.3,,3,0.375
2L,2L3X2X3/8X3/4SLBB,2L3X2X3/8X3/4SLBB,11.8,3.5,2,,,,,,,,,1.08,10,,3,0.375
2L,2L3X2X5/16SLBB,2L3X2X5/16SLBB,10,2.96,2,,,,,,,,,0.935,5.64,,3,0.313
2L,2L3X2X5/16X3/8SLBB,2L3X2X5/16X3/8SLBB,10,2.96,2,,,,,,,,,0.935,6.84,,3,0.313
2L,2L3X2X5/16X3/4SLBB,2L3X2X5/16X3/4SLBB,10,2.96,2,,,,,,,,,0.935,8.26,,3,0.313
2L,2L3X2X1/4SLBB,2L3X2X1/4SLBB,8.2,2.4,2,,,,,,,,,0.779,4.5,,3,0.25
2L,2L3X2X1/4X3/8SLBB,2L3X2X1/4X3/8SLBB,8.2,2.4,2,,,,,,,,,0.779,5.47,,3,0.25
2L,2L3X2X1/4X3/4SLBB,2L3X2X1/4X3/4SLBB,8.2,2.4,2,,,,,,,,,0.779,6.61,,3,0.25
2L,2L3X2X3/16SLBB,2L3X2X3/16SLBB,6.14,1.83,2,,,,,,,,,0.61,3.34,,3,0.188
2L,2L3X2X3/16X3/8SLBB,2L3X2X3/16X3/8SLBB,6.14,1.83,2,,,,,,,,,0.61,4.06,,3,0.188
2L,2L3X2X3/16X3/4SLBB,2L3X2X3/16X3/4SLBB,6.14,1.83,2,,,,,,,,,0.61,4.92,,3,0.188
2L,2L2-1/2X2X3/8SLBB,2L2-1/2X2X3/8SLBB,10.6,3.1,2,,,,,,,,,1.03,3.96,,2.5,0.375
2L,2L2-1/2X2X3/8X3/8SLBB,2L2-1/2X2X3/8X3/8SLBB,10.6,3.1,2,,,,,,,,,1.03,5,,2.5,0.375
2L,2L2-1/2X2X3/8X3/4SLBB,2L2-1/2X2X3/8X3/4SLBB,10.6,3.1,2,,,,,,,,,1.03,6.25,,2.5,0.375
2L,2L2-1/2X2X5/16SLBB,2L2-1/2X2X5/16SLBB,9,2.64,2,,,,,,,,,0.891,3.31,,2.5,0.313
2L,2L2-1/2X2X5/16X3/8SLBB,2L2-1/2X2X5/16X3/8SLBB,9,2.64,2,,,,,,,,,0.891,4.19,,2.5,0.313
2L,2L2-1/2X2X5/16X3/4SLBB,2L2-1/2X2X5/16X3/4SLBB,9,2.64,2,,,,,,,,,0.891,5.25,,2.5,0.313
2L,2L2-1/2X2X1/4SLBB,2L2-1/2X2X1/4SLBB,7.24,2.14,2,,,,,,,,,0.744,2.59,,2.5,0.25
2L,2L2-1/2X2X1/4X3/8SLBB,2L2-1/2X2X1/4X3/8SLBB,7.24,2.14,2,,,,,,,,,0.744,3.29,,2.5,0.25
2L,2L2-1/2X2X1/4X3/4SLBB,2L2-1/2X2X1/4X3/4SLBB,7.24,2.14,2,,,,,,,,,0.744,4.13,,2.5,0.25
2L,2L2-1/2X2X3/16SLBB,2L2-1/2X2X3/16SLBB,5.5,1.64,2,,,,,,,,,0.583,1.95,,2.5,0.188
2L,2L2-1/2X2X3/16X3/8SLBB,2L2-1/2X2X3/16X3/8SLBB,5.5,1.64,2,,,,,,,,,0.583,2.48,,2.5,0.188
2L,2L2-1/2X2X3/16X3/4SLBB,2L2-1/2X2X3/16X3/4SLBB,5.5,1.64,2,,,,,,,,,0.583,3.12,,2.5,0.188
2L,2L2-1/2X1-1/2X1/4SLBB,2L2-1/2X1-1/2X1/4SLBB,6.38,1.89,1.5,,,,,,,,,0.316,2.59,,2.5,0.25
2L,2L2-1/2X1-1/2X1/4X3/8SLBB,2L2-1/2X1-1/2X1/4X3/8SLBB,6.38,1.89,1.5,,,,,,,,,0.316,3.29,,2.5,0.25
2L,2L2-1/2X1-1/2X1/4X3/4SLBB,2L2-1/2X1-1/2X1/4X3/4SLBB,6.38,1.89,1.5,,,,,,,,,0.316,4.08,,2.5,0.25
2L,2L2-1/2X1-1/2X3/16SLBB,2L2-1/2X1-1/2X3/16SLBB,4.88,1.45,1.5,,,,,,,,,0.249,1.95,,2.5,0.188
2L,2L2-1/2X1-1/2X3/16X3/8SLBB,2L2-1/2X1-1/2X3/16X3/8SLBB,4.88,1.45,1.5,,,,,,,,,0.249,2.45,,2.5,0.188
2L,2L2-1/2X1-1/2X3/16X3/4SLBB,2L2-1/2X1-1/2X3/16X3/4SLBB,4.88,1.45,1.5,,,,,,,,,0.249,3.09,,2.5,0.188
HSS,HSS34X10X1,HSS34X10X1,277.07,76.2,,34,,,10,,,1,0.93,9600,1340,4040,7.21,
HSS,HSS34X10X.875,HSS34X10X7/8,244.88,67.3,,34,,,10,,,0.875,0.814,8600,1210,3630,7.56,
HSS,HSS34X10X.750,HSS34X10X3/4,212,58.2,,34,,,10,,,0.75,0.698,7550,1070,3190,7.91,
HSS,HSS34X10X.625,HSS34X10X5/8,178.41,48.9,,34,,,10,,,0.625,0.581,6430,924,2720,8.26,
HSS,HSS30X10X1,HSS30X10X1,249.85,68.7,,30,,,10,,,1,0.93,6900,1180,3460,7.21,
HSS,HSS30X10X.875,HSS30X10X7/8,221.06,60.8,,30,,,10,,,0.875,0.814,6190,1070,3110,7.56,
HSS,HSS30X10X.750,HSS30X10X3/4,191.58,52.6,,30,,,10,,,0.75,0.698,5440,952,2730,7.91,
HSS,HSS30X10X.625,HSS30X10X5/8,161.4,44.3,,30,,,10,,,0.625,0.581,4640,820,2330,8.26,
HSS,HSS30X10X.500,HSS30X10X1/2,130.52,35.8,,30,,,10,,,0.5,0.465,3810,679,1910,8.61,
HSS,HSS24X20X.750,HSS24X20X3/4,212,58.2,,24,,,20,,,0.75,0.698,4960,3750,6740,17.9,
HSS,HSS24X20X.625,HSS24X20X5/8,178.41,48.9,,24,,,20,,,0.625,0.581,4220,3190,5690,18.3,
HSS,HSS24X20X.500,HSS24X20X1/2,144.13,39.5,,24,,,20,,,0.5,0.465,3450,2610,4620,18.6,
HSS,HSS24X20X.375,HSS24X20X3/8,109.15,29.9,,24,,,20,,,0.375,0.349,2640,2000,3510,19.0,
HSS,HSS24X20X.313,HSS24X20X5/16,91.39,25.1,,24,,,20,,,0.3125,0.291,2230,1690,2950,19.1,
HSS,HSS24X18X.750,HSS24X18X3/4,201.79,55.4,,24,,,18,,,0.75,0.698,4580,2940,5690,15.9,
HSS,HSS24X18X.625,HSS24X18X5/8,169.91,46.6,,24,,,18,,,0.625,0.581,3900,2510,4810,16.3,
HSS,HSS24X18X.500,HSS24X18X1/2,137.32,37.6,,24,,,18,,,0.5,0.465,3190,2060,3910,16.6,
HSS,HSS24X18X.375,HSS24X18X3/8,104.04,28.5,,24,,,18,,,0.375,0.349,2450,1580,2970,17.0,
HSS,HSS24X18X.313,HSS24X18X5/16,87.14,23.9,,24,,,18,,,0.3125,0.291,2060,1330,2500,17.1,
HSS,HSS24X16X.750,HSS24X16X3/4,191.58,52.6,,24,,,16,,,0.75,0.698,4200,2250,4680,13.9,
HSS,HSS24X16X.625,HSS24X16X5/8,161.4,44.3,,24,,,16,,,0.625,0.581,3580,1920,3960,14.3,
HSS,HSS24X16X.500,HSS24X16X1/2,130.52,35.8,,24,,,16,,,0.5,0.465,2930,1580,3220,14.6,
HSS,HSS24X16X.375,HSS24X16X3/8,98.94,27.1,,24,,,16,,,0.375,0.349,2250,1210,2460,15.0,
HSS,HSS24X16X.313,HSS24X16X5/16,82.88,22.7,,24,,,16,,,0.3125,0.291,1900,1030,2070,15.1,
HSS,HSS24X14X.750,HSS24X14X3/4,181.37,49.8,,24,,,14,,,0.75,0.698,3820,1660,3730,11.9,
HSS,HSS24X14X.625,HSS24X14X5/8,152.89000000000001,41.9,,24,,,14,,,0.625,0.581,3260,1420,3170,12.3,
HSS,HSS24X14X.500,HSS24X14X1/2,123.71000000000001,33.9,,24,,,14,,,0.5,0.465,2680,1170,2580,12.6,
HSS,HSS24X14X.375,HSS24X14X3/8,93.83,25.7,,24,,,14,,,0.375,0.349,2060,902,1970,13.0,
HSS,HSS24X14X.313,HSS24X14X5/16,78.63,21.6,,24,,,14,,,0.3125,0.291,1740,763,1660,13.1,
HSS,HSS24X14X.250,HSS24X14X1/4,63.25,17.4,,24,,,14,,,0.25,0.233,1410,619,1340,13.3,
HSS,HSS24X12X1,HSS24X12X1,222.63,61.3,,24,,,12,,,1,0.93,4340,1460,3630,9.21,
HSS,HSS24X12X.875,HSS24X12X7/8,197.24,54.3,,24,,,12,,,0.875,0.814,3910,1320,3250,9.56,
HSS,HSS24X12X.750,HSS24X12X3/4,171.16,47.1,,24,,,12,,,0.75,0.698,3440,1170,2850,9.91,
HSS,HSS24X12X.625,HSS24X12X5/8,144.39,39.6,,24,,,12,,,0.625,0.581,2940,1000,2430,10.3,
HSS,HSS24X12X.500,HSS24X12X1/2,116.91,32.1,,24,,,12,,,0.5,0.465,2420,829,1980,10.6,
HSS,HSS24X12X.375,HSS24X12X3/8,88.73,24.3,,24,,,12,,,0.375,0.349,1860,642,1520,11.0,
HSS,HSS24X12X.313,HSS24X12X5/16,74.38,20.4,,24,,,12,,,0.3125,0.291,1570,543,1280,11.1,
HSS,HSS24X12X.250,HSS24X12X1/4,59.85,16.4,,24,,,12,,,0.25,0.233,1280,442,1030,11.3,
HSS,HSS24X8X.500,HSS24X8X1/2,103.3,28.3,,24,,,8,,,0.5,0.465,1900,336,955,6.61,
HSS,HSS24X8X.375,HSS24X8X3/8,78.52,21.5,,24,,,8,,,0.375,0.349,1470,263,739,6.95,
HSS,HSS24X8X.313,HSS24X8X5/16,65.87,18.1,,24,,,8,,,0.3125,0.291,1250,224,625,7.13,
HSS,HSS24X8X.250,HSS24X8X1/4,53.050000000000004,14.6,,24,,,8,,,0.25,0.233,1010,183,508,7.30,
HSS,HSS22X22X1,HSS22X22X1,277.07,76.2,,22,,,22,,,1,0.93,5550,5550,8890,19.2,
HSS,HSS22X22X.875,HSS22X22X7/8,244.88,67.3,,22,,,22,,,0.875,0.814,4970,4970,7890,19.6,
HSS,HSS22X22X.750,HSS22X22X3/4,212,58.2,,22,,,22,,,0.75,0.698,4350,4350,6860,19.9,
HSS,HSS22X22X.625,HSS22X22X5/8,178.41,48.9,,22,,,22,,,0.625,0.581,3710,3710,5790,20.3,
HSS,HSS22X22X.500,HSS22X22X1/2,144.13,39.5,,22,,,22,,,0.5,0.465,3030,3030,4700,20.6,
HSS,HSS22X20X.750,HSS22X20X3/4,201.79,55.4,,22,,,20,,,0.75,0.698,4040,3490,5920,17.9,
HSS,HSS22X20X.625,HSS22X20X5/8,169.91,46.6,,22,,,20,,,0.625,0.581,3440,2970,5000,18.3,
HSS,HSS22X20X.500,HSS22X20X1/2,137.32,37.6,,22,,,20,,,0.5,0.465,2820,2440,4060,18.6,
HSS,HSS22X20X.375,HSS22X20X3/8,104.04,28.5,,22,,,20,,,0.375,0.349,2160,1870,3090,19.0,
HSS,HSS22X20X.313,HSS22X20X5/16,87.14,23.9,,22,,,20,,,0.3125,0.291,1820,1580,2590,19.1,
HSS,HSS22X18X.750,HSS22X18X3/4,191.58,52.6,,22,,,18,,,0.75,0.698,3720,2730,5000,15.9,
HSS,HSS22X18X.625,HSS22X18X5/8,161.4,44.3,,22,,,18,,,0.625,0.581,3170,2330,4230,16.3,
HSS,HSS22X18X.500,HSS22X18X1/2,130.52,35.8,,22,,,18,,,0.5,0.465,2600,1910,3440,16.6,
HSS,HSS22X18X.375,HSS22X18X3/8,98.94,27.1,,22,,,18,,,0.375,0.349,2000,1470,2620,17.0,
HSS,HSS22X18X.313,HSS22X18X5/16,82.88,22.7,,22,,,18,,,0.3125,0.291,1680,1240,2200,17.1,
HSS,HSS22X16X.750,HSS22X16X3/4,181.37,49.8,,22,,,16,,,0.75,0.698,3400,2080,4130,13.9,
HSS,HSS22X16X.625,HSS22X16X5/8,152.89000000000001,41.9,,22,,,16,,,0.625,0.581,2910,1780,3500,14.3,
HSS,HSS22X16X.500,HSS22X16X1/2,123.71000000000001,33.9,,22,,,16,,,0.5,0.465,2380,1470,2850,14.6,
HSS,HSS22X16X.375,HSS22X16X3/8,93.83,25.7,,22,,,16,,,0.375,0.349,1830,1130,2170,15.0,
HSS,HSS22X16X.313,HSS22X16X5/16,78.63,21.6,,22,,,16,,,0.3125,0.291,1550,954,1830,15.1,
HSS,HSS22X16X.250,HSS22X16X1/4,63.25,17.4,,22,,,16,,,0.25,0.233,1250,774,1470,15.3,
HSS,HSS22X14X.750,HSS22X14X3/4,171.16,47.1,,22,,,14,,,0.75,0.698,3090,1530,3300,11.9,
HSS,HSS22X14X.625,HSS22X14X5/8,144.39000000000001,39.6,,22,,,14,,,0.625,0.581,2640,1320,2800,12.3,
HSS,HSS22X14X.500,HSS22X14X1/2,116.91,32.1,,22,,,14,,,0.5,0.465,2170,1080,2290,12.6,
HSS,HSS22X14X.375,HSS22X14X3/8,88.73,24.3,,22,,,14,,,0.375,0.349,1670,837,1750,13.0,
HSS,HSS22X14X.313,HSS22X14X5/16,74.38,20.4,,22,,,14,,,0.3125,0.291,1410,708,1470,13.1,
HSS,HSS22X14X.250,HSS22X14X1/4,59.85,16.4,,22,,,14,,,0.25,0.233,1140,575,1190,13.3,
HSS,HSS22X10X.625,HSS22X10X5/8,127.37,35,,22,,,10,,,0.625,0.581,2110,614,1560,8.26,
HSS,HSS22X10X.500,HSS22X10X1/2,103.3,28.3,,22,,,10,,,0.5,0.465,1740,510,1280,8.61,
HSS,HSS22X10X.375,HSS22X10X3/8,78.52,21.5,,22,,,10,,,0.375,0.349,1340,397,986,8.95,
HSS,HSS22X10X.313,HSS22X10X5/16,65.87,18.1,,22,,,10,,,0.3125,0.291,1140,337,832,9.13,
HSS,HSS22X10X.250,HSS22X10X1/4,53.050000000000004,14.6,,22,,,10,,,0.25,0.233,923,275,674,9.30,
HSS,HSS20X20X1,HSS20X20X1,249.85,68.7,,20,,,20,,,1,0.93,4100,4100,6600,17.2,
HSS,HSS20X20X.875,HSS20X20X7/8,221.06,60.8,,20,,,20,,,0.875,0.814,3670,3670,5870,17.6,
HSS,HSS20X20X.750,HSS20X20X3/4,191.58,52.6,,20,,,20,,,0.75,0.698,3230,3230,5110,17.9,
HSS,HSS20X20X.625,HSS20X20X5/8,161.4,44.3,,20,,,20,,,0.625,0.581,2750,2750,4320,18.3,
HSS,HSS20X20X.500,HSS20X20X1/2,130.52,35.8,,20,,,20,,,0.5,0.465,2260,2260,3510,18.6,
HSS,HSS20X20X.375,HSS20X20X3/8,98.94,27.1,,20,,,20,,,0.375,0.349,1740,1740,2680,19.0,
HSS,HSS20X20X.313,HSS20X20X5/16,82.88,22.7,,20,,,20,,,0.3125,0.291,1460,1460,2250,19.1,
HSS,HSS20X16X.750,HSS20X16X3/4,171.16,47.1,,20,,,16,,,0.75,0.698,2710,1920,3590,13.9,
HSS,HSS20X16X.625,HSS20X16X5/8,144.39000000000001,39.6,,20,,,16,,,0.625,0.581,2320,1640,3040,14.3,
HSS,HSS20X16X.500,HSS20X16X1/2,116.91,32.1,,20,,,16,,,0.5,0.465,1900,1350,2480,14.6,
HSS,HSS20X16X.375,HSS20X16X3/8,88.73,24.3,,20,,,16,,,0.375,0.349,1470,1040,1890,15.0,
HSS,HSS20X16X.313,HSS20X16X5/16,74.38,20.4,,20,,,16,,,0.3125,0.291,1240,882,1590,15.1,
HSS,HSS20X16X.250,HSS20X16X1/4,59.85,16.4,,20,,,16,,,0.25,0.233,1000,716,1280,15.3,
HSS,HSS20X12X1,HSS20X12X1,195.4,53.8,,20,,,12,,,1,0.93,2740,1230,2820,9.21,
HSS,HSS20X12X.875,HSS20X12X7/8,173.43,47.7,,20,,,12,,,0.875,0.814,2480,1110,2530,9.56,
HSS,HSS20X12X.750,HSS20X12X3/4,150.75,41.5,,20,,,12,,,0.75,0.698,2190,988,2220,9.91,
HSS,HSS20X12X.625,HSS20X12X5/8,127.37,35,,20,,,12,,,0.625,0.581,1880,851,1890,10.3,
HSS,HSS20X12X.500,HSS20X12X1/2,103.3,28.3,,20,,,12,,,0.5,0.465,1550,705,1540,10.6,
HSS,HSS20X12X.375,HSS20X12X3/8,78.52,21.5,,20,,,12,,,0.375,0.349,1200,547,1180,11,
HSS,HSS20X12X.313,HSS20X12X5/16,65.87,18.1,,20,,,12,,,0.3125,0.291,1010,464,997,11.1,
HSS,HSS20X8X1,HSS20X8X1,168.18,46.4,,20,,,8,,,1,0.93,2060,472,1320,5.21,
HSS,HSS20X8X.875,HSS20X8X7/8,149.61,41.2,,20,,,8,,,0.875,0.814,1880,432,1200,5.56,
HSS,HSS20X8X.750,HSS20X8X3/4,130.33,35.9,,20,,,8,,,0.75,0.698,1670,388,1060,5.91,
HSS,HSS20X8X.625,HSS20X8X5/8,110.36,30.3,,20,,,8,,,0.625,0.581,1440,338,916,6.26,
HSS,HSS20X8X.500,HSS20X8X1/2,89.68,24.6,,20,,,8,,,0.5,0.465,1190,283,757,6.6,
HSS,HSS20X8X.375,HSS20X8X3/8,68.31,18.7,,20,,,8,,,0.375,0.349,926,222,586,6.95,
HSS,HSS20X8X.313,HSS20X8X5/16,57.36,15.7,,20,,,8,,,0.3125,0.291,786,189,496,7.13,
HSS,HSS20X6X.625,HSS20X6X5/8,101.85000000000001,28,,20,,,6,,,0.625,0.581,1220,175,528,4.26,
HSS,HSS20X6X.500,HSS20X6X1/2,82.88,22.8,,20,,,6,,,0.5,0.465,1020,148,441,4.61,
HSS,HSS20X6X.375,HSS20X6X3/8,63.21,17.3,,20,,,6,,,0.375,0.349,792,118,345,4.95,
HSS,HSS20X6X.313,HSS20X6X5/16,53.11,14.6,,20,,,6,,,0.3125,0.291,673,101,293,5.13,
HSS,HSS20X6X.250,HSS20X6X1/4,42.84,11.8,,20,,,6,,,0.25,0.233,549,82.9,240,5.30,
HSS,HSS20X4X.500,HSS20X4X1/2,76.07,20.9,,20,,,4,,,0.5,0.465,838,58.7,195,2.6,
HSS,HSS20X4X.375,HSS20X4X3/8,58.1,16,,20,,,4,,,0.375,0.349,657,47.6,156,2.95,
HSS,HSS20X4X.313,HSS20X4X5/16,48.86,13.4,,20,,,4,,,0.3125,0.291,560,41.2,134,3.13,
HSS,HSS20X4X.250,HSS20X4X1/4,39.43,10.8,,20,,,4,,,0.25,0.233,458,34.3,111,3.3,
HSS,HSS18X18X1,HSS18X18X1,222.63,61.3,,18,,,18,,,1,0.93,2920,2920,4740,15.2,
HSS,HSS18X18X.875,HSS18X18X7/8,197.24,54.3,,18,,,18,,,0.875,0.814,2630,2630,4220,15.6,
HSS,HSS18X18X.750,HSS18X18X3/4,171.16,47.1,,18,,,18,,,0.75,0.698,2320,2320,3690,15.9,
HSS,HSS18X18X.625,HSS18X18X5/8,144.39,39.6,,18,,,18,,,0.625,0.581,1980,1980,3120,16.3,
HSS,HSS18X18X.500,HSS18X18X1/2,116.91,32.1,,18,,,18,,,0.5,0.465,1630,1630,2540,16.6,
HSS,HSS18X18X.375,HSS18X18X3/8,88.73,24.3,,18,,,18,,,0.375,0.349,1250,1250,1940,17.0,
HSS,HSS18X18X.313,HSS18X18X5/16,74.38,20.4,,18,,,18,,,0.3125,0.291,1060,1060,1630,17.1,
HSS,HSS18X18X.250,HSS18X18X1/4,59.85,16.4,,18,,,18,,,0.25,0.233,860,860,1320,17.3,
HSS,HSS18X10X.625,HSS18X10X5/8,110.36,30.3,,18,,,10,,,0.625,0.581,1280,511,1190,8.26,
HSS,HSS18X10X.500,HSS18X10X1/2,89.68,24.6,,18,,,10,,,0.5,0.465,1060,425,977,8.61,
HSS,HSS18X10X.375,HSS18X10X3/8,68.31,18.7,,18,,,10,,,0.375,0.349,820,332,752,8.95,
HSS,HSS18X10X.313,HSS18X10X5/16,57.36,15.7,,18,,,10,,,0.3125,0.291,695,282,635,9.13,
HSS,HSS18X10X.250,HSS18X10X1/4,46.24,12.7,,18,,,10,,,0.25,0.233,566,230,515,9.30,
HSS,HSS18X8X.625,HSS18X8X5/8,101.85000000000001,28,,18,,,8,,,0.625,0.581,1100,306,797,6.26,
HSS,HSS18X8X.500,HSS18X8X1/2,82.88,22.8,,18,,,8,,,0.5,0.465,913,257,659,6.61,
HSS,HSS18X8X.375,HSS18X8X3/8,63.21,17.3,,18,,,8,,,0.375,0.349,711,202,510,6.95,
HSS,HSS18X8X.313,HSS18X8X5/16,53.11,14.6,,18,,,8,,,0.3125,0.291,604,172,432,7.13,
HSS,HSS18X8X.250,HSS18X8X1/4,42.84,11.8,,18,,,8,,,0.25,0.233,492,141,351,7.30,
HSS,HSS18X6X.750,HSS18X6X3/4,109.91,30.3,,18,,,6,,,0.75,0.698,1060,179,530,3.91,
HSS,HSS18X6X.625,HSS18X6X5/8,93.34,25.7,,18,,,6,,,0.625,0.581,923,158,462,4.26,
HSS,HSS18X6X.500,HSS18X6X1/2,76.07,20.9,,18,,,6,,,0.5,0.465,770,134,387,4.61,
HSS,HSS18X6X.375,HSS18X6X3/8,58.1,16,,18,,,6,,,0.375,0.349,602,106,302,4.95,
HSS,HSS18X6X.313,HSS18X6X5/16,48.86,13.4,,18,,,6,,,0.3125,0.291,513,91.3,257,5.13,
HSS,HSS18X6X.250,HSS18X6X1/4,39.43,10.8,,18,,,6,,,0.25,0.233,419,75.1,210,5.3,
HSS,HSS16X16X1,HSS16X16X1,195.4,53.8,,16,,,16,,,1,0.93,1990,1990,3270,13.2,
HSS,HSS16X16X.875,HSS16X16X7/8,173.43,47.7,,16,,,16,,,0.875,0.814,1800,1800,2920,13.6,
HSS,HSS16X16X.750,HSS16X16X3/4,150.75,41.5,,16,,,16,,,0.75,0.698,1590,1590,2560,13.9,
HSS,HSS16X16X.625,HSS16X16X5/8,127.37,35,,16,,,16,,,0.625,0.581,1370,1370,2170,14.3,
HSS,HSS16X16X.500,HSS16X16X1/2,103.3,28.3,,16,,,16,,,0.5,0.465,1130,1130,1770,14.6,
HSS,HSS16X16X.375,HSS16X16X3/8,78.52,21.5,,16,,,16,,,0.375,0.349,873,873,1350,15,
HSS,HSS16X16X.313,HSS16X16X5/16,65.87,18.1,,16,,,16,,,0.3125,0.291,739,739,1140,15.1,
HSS,HSS16X16X.250,HSS16X16X1/4,53.050000000000004,14.6,,16,,,16,,,0.25,0.233,600,600,921,15.3,
HSS,HSS16X12X1,HSS16X12X1,168.18,46.4,,16,,,12,,,1,0.93,1570,1000,2030,9.21,
HSS,HSS16X12X.875,HSS16X12X7/8,149.61,41.2,,16,,,12,,,0.875,0.814,1430,910,1830,9.56,
HSS,HSS16X12X.750,HSS16X12X3/4,130.33,35.9,,16,,,12,,,0.75,0.698,1270,810,1610,9.91,
HSS,HSS16X12X.625,HSS16X12X5/8,110.36,30.3,,16,,,12,,,0.625,0.581,1090,700,1370,10.3,
HSS,HSS16X12X.500,HSS16X12X1/2,89.68,24.6,,16,,,12,,,0.5,0.465,904,581,1120,10.6,
HSS,HSS16X12X.375,HSS16X12X3/8,68.31,18.7,,16,,,12,,,0.375,0.349,702,452,862,11,
HSS,HSS16X12X.313,HSS16X12X5/16,57.36,15.7,,16,,,12,,,0.3125,0.291,595,384,727,11.1,
HSS,HSS16X10X.625,HSS16X10X5/8,101.85000000000001,28,,16,,,10,,,0.625,0.581,953,459,1010,8.26,
HSS,HSS16X10X.500,HSS16X10X1/2,82.88,22.8,,16,,,10,,,0.5,0.465,792,383,829,8.61,
HSS,HSS16X10X.375,HSS16X10X3/8,63.21,17.3,,16,,,10,,,0.375,0.349,616,299,639,8.95,
HSS,HSS16X10X.313,HSS16X10X5/16,53.11,14.6,,16,,,10,,,0.3125,0.291,523,255,539,9.13,
HSS,HSS16X10X.250,HSS16X10X1/4,42.84,11.8,,16,,,10,,,0.25,0.233,426,208,437,9.30,
HSS,HSS16X8X.875,HSS16X8X7/8,125.79,34.7,,16,,,8,,,0.875,0.814,1050,348,888,5.56,
HSS,HSS16X8X.750,HSS16X8X3/4,109.91,30.3,,16,,,8,,,0.75,0.698,939,314,790,5.91,
HSS,HSS16X8X.625,HSS16X8X5/8,93.34,25.7,,16,,,8,,,0.625,0.581,815,274,681,6.26,
HSS,HSS16X8X.500,HSS16X8X1/2,76.07,20.9,,16,,,8,,,0.5,0.465,679,230,563,6.6,
HSS,HSS16X8X.375,HSS16X8X3/8,58.1,16,,16,,,8,,,0.375,0.349,531,181,436,6.95,
HSS,HSS16X8X.313,HSS16X8X5/16,48.86,13.4,,16,,,8,,,0.3125,0.291,451,155,369,7.13,
HSS,HSS16X8X.250,HSS16X8X1/4,39.43,10.8,,16,,,8,,,0.25,0.233,368,127,300,7.3,
HSS,HSS16X6X.625,HSS16X6X5/8,84.84,23.3,,16,,,6,,,0.625,0.581,677,141,398,4.26,
HSS,HSS16X6X.500,HSS16X6X1/2,69.27,19,,16,,,6,,,0.5,0.465,567,120,333,4.61,
HSS,HSS16X6X.375,HSS16X6X3/8,53,14.6,,16,,,6,,,0.375,0.349,445,95.3,260,4.95,
HSS,HSS16X6X.313,HSS16X6X5/16,44.6,12.2,,16,,,6,,,0.3125,0.291,379,81.8,222,5.13,
HSS,HSS16X6X.250,HSS16X6X1/4,36.03,9.9,,16,,,6,,,0.25,0.233,311,67.4,181,5.30,
HSS,HSS16X6X.188,HSS16X6X3/16,27.29,7.46,,16,,,6,,,0.1875,0.174,237,51.8,138,5.48,
HSS,HSS16X4X.625,HSS16X4X5/8,76.33,21,,16,,,4,,,0.625,0.581,539,54.1,174,2.26,
HSS,HSS16X4X.500,HSS16X4X1/2,62.46,17.2,,16,,,4,,,0.5,0.465,455,47,150,2.6,
HSS,HSS16X4X.375,HSS16X4X3/8,47.9,13.2,,16,,,4,,,0.375,0.349,360,38.3,120,2.95,
HSS,HSS16X4X.313,HSS16X4X5/16,40.35,11.1,,16,,,4,,,0.3125,0.291,308,33.2,103,3.13,
HSS,HSS16X4X.250,HSS16X4X1/4,32.63,8.96,,16,,,4,,,0.25,0.233,253,27.7,85.2,3.3,
HSS,HSS16X4X.188,HSS16X4X3/16,24.73,6.76,,16,,,4,,,0.1875,0.174,193,21.5,65.5,3.48,
HSS,HSS14X14X1,HSS14X14X1,168.18,46.4,,14,,,14,,,1,0.93,1290,1290,2130,11.2,
HSS,HSS14X14X.875,HSS14X14X7/8,149.61,41.2,,14,,,14,,,0.875,0.814,1170,1170,1910,11.6,
HSS,HSS14X14X.750,HSS14X14X3/4,130.33,35.9,,14,,,14,,,0.75,0.698,1040,1040,1680,11.9,
HSS,HSS14X14X.625,HSS14X14X5/8,110.36,30.3,,14,,,14,,,0.625,0.581,897,897,1430,12.3,
HSS,HSS14X14X.500,HSS14X14X1/2,89.68,24.6,,14,,,14,,,0.5,0.465,743,743,1170,12.6,
HSS,HSS14X14X.375,HSS14X14X3/8,68.31,18.7,,14,,,14,,,0.375,0.349,577,577,900,13,
HSS,HSS14X14X.313,HSS14X14X5/16,57.36,15.7,,14,,,14,,,0.3125,0.291,490,490,759,13.1,
HSS,HSS14X14X.250,HSS14X14X1/4,46.24,12.7,,14,,,14,,,0.25,0.233,399,399,614,13.3,
HSS,HSS14X12X.625,HSS14X12X5/8,101.85000000000001,28,,14,,,12,,,0.625,0.581,792,624,1120,10.3,
HSS,HSS14X12X.500,HSS14X12X1/2,82.88,22.8,,14,,,12,,,0.5,0.465,658,519,921,10.6,
HSS,HSS14X12X.375,HSS14X12X3/8,63.21,17.3,,14,,,12,,,0.375,0.349,512,405,708,11.0,
HSS,HSS14X12X.313,HSS14X12X5/16,53.11,14.6,,14,,,12,,,0.3125,0.291,435,344,598,11.1,
HSS,HSS14X12X.250,HSS14X12X1/4,42.84,11.8,,14,,,12,,,0.25,0.233,354,280,484,11.3,
HSS,HSS14X10X.875,HSS14X10X7/8,125.79,34.7,,14,,,10,,,0.875,0.814,886,522,1100,7.56,
HSS,HSS14X10X.750,HSS14X10X3/4,109.91,30.3,,14,,,10,,,0.75,0.698,792,468,970,7.91,
HSS,HSS14X10X.625,HSS14X10X5/8,93.34,25.7,,14,,,10,,,0.625,0.581,687,407,832,8.26,
HSS,HSS14X10X.500,HSS14X10X1/2,76.07,20.9,,14,,,10,,,0.5,0.465,573,341,685,8.6,
HSS,HSS14X10X.375,HSS14X10X3/8,58.1,16,,14,,,10,,,0.375,0.349,447,267,528,8.95,
HSS,HSS14X10X.313,HSS14X10X5/16,48.86,13.4,,14,,,10,,,0.3125,0.291,380,227,446,9.13,
HSS,HSS14X10X.250,HSS14X10X1/4,39.43,10.8,,14,,,10,,,0.25,0.233,310,186,362,9.3,
HSS,HSS14X8X.625,HSS14X8X5/8,84.84,23.3,,14,,,8,,,0.625,0.581,582,242,566,6.26,
HSS,HSS14X8X.500,HSS14X8X1/2,69.27,19,,14,,,8,,,0.5,0.465,487,204,469,6.61,
HSS,HSS14X8X.375,HSS14X8X3/8,53,14.6,,14,,,8,,,0.375,0.349,382,161,363,6.95,
HSS,HSS14X8X.313,HSS14X8X5/16,44.6,12.2,,14,,,8,,,0.3125,0.291,325,138,308,7.13,
HSS,HSS14X8X.250,HSS14X8X1/4,36.03,9.9,,14,,,8,,,0.25,0.233,266,113,250,7.30,
HSS,HSS14X8X.188,HSS14X8X3/16,27.29,7.46,,14,,,8,,,0.1875,0.174,203,86.4,190,7.48,
HSS,HSS14X6X.625,HSS14X6X5/8,76.33,21,,14,,,6,,,0.625,0.581,478,124,334,4.26,
HSS,HSS14X6X.500,HSS14X6X1/2,62.46,17.2,,14,,,6,,,0.5,0.465,402,105,279,4.61,
HSS,HSS14X6X.375,HSS14X6X3/8,47.9,13.2,,14,,,6,,,0.375,0.349,317,84.1,219,4.95,
HSS,HSS14X6X.313,HSS14X6X5/16,40.35,11.1,,14,,,6,,,0.3125,0.291,271,72.3,186,5.13,
HSS,HSS14X6X.250,HSS14X6X1/4,32.63,8.96,,14,,,6,,,0.25,0.233,222,59.6,152,5.3,
HSS,HSS14X6X.188,HSS14X6X3/16,24.73,6.76,,14,,,6,,,0.1875,0.174,170,45.9,116,5.48,
HSS,HSS14X4X.625,HSS14X4X5/8,67.82,18.7,,14,,,4,,,0.625,0.581,373,47.2,148,2.26,
HSS,HSS14X4X.500,HSS14X4X1/2,55.66,15.3,,14,,,4,,,0.5,0.465,317,41.2,127,2.6,
HSS,HSS14X4X.375,HSS14X4X3/8,42.79,11.8,,14,,,4,,,0.375,0.349,252,33.6,102,2.95,
HSS,HSS14X4X.313,HSS14X4X5/16,36.1,9.92,,14,,,4,,,0.3125,0.291,216,29.2,87.7,3.13,
HSS,HSS14X4X.250,HSS14X4X1/4,29.23,8.03,,14,,,4,,,0.25,0.233,178,24.4,72.4,3.3,
HSS,HSS14X4X.188,HSS14X4X3/16,22.18,6.06,,14,,,4,,,0.1875,0.174,137,19,55.8,3.48,
HSS,HSS12X12X1,HSS12X12X1,140.96,39,,12,,,12,,,1,0.93,772,772,1300,9.21,
HSS,HSS12X12X.875,HSS12X12X7/8,125.79,34.7,,12,,,12,,,0.875,0.814,706,706,1170,9.56,
HSS,HSS12X12X.750,HSS12X12X3/4,109.91,30.3,,12,,,12,,,0.75,0.698,631,631,1030,9.91,
HSS,HSS12X12X.625,HSS12X12X5/8,93.34,25.7,,12,,,12,,,0.625,0.581,548,548,885,10.3,
HSS,HSS12X12X.500,HSS12X12X1/2,76.07,20.9,,12,,,12,,,0.5,0.465,457,457,728,10.6,
HSS,HSS12X12X.375,HSS12X12X3/8,58.1,16,,12,,,12,,,0.375,0.349,357,357,561,11,
HSS,HSS12X12X.313,HSS12X12X5/16,48.86,13.4,,12,,,12,,,0.3125,0.291,304,304,474,11.1,
HSS,HSS12X12X.250,HSS12X12X1/4,39.43,10.8,,12,,,12,,,0.25,0.233,248,248,384,11.3,
HSS,HSS12X12X.188,HSS12X12X3/16,29.84,8.15,,12,,,12,,,0.1875,0.174,189,189,290,11.5,
HSS,HSS12X10X.625,HSS12X10X5/8,84.84,23.3,,12,,,10,,,0.625,0.581,472,356,661,8.26,
HSS,HSS12X10X.500,HSS12X10X1/2,69.27,19,,12,,,10,,,0.5,0.465,395,298,545,8.6,
HSS,HSS12X10X.375,HSS12X10X3/8,53,14.6,,12,,,10,,,0.375,0.349,310,234,421,8.95,
HSS,HSS12X10X.313,HSS12X10X5/16,44.6,12.2,,12,,,10,,,0.3125,0.291,264,200,356,9.13,
HSS,HSS12X10X.250,HSS12X10X1/4,36.03,9.9,,12,,,10,,,0.25,0.233,216,164,289,9.3,
HSS,HSS12X10X.188,HSS12X10X3/16,27.29,7.46,,12,,,10,,,0.1875,0.174,165,125,219,9.48,
HSS,HSS12X8X.625,HSS12X8X5/8,76.33,21,,12,,,8,,,0.625,0.581,397,210,454,6.26,
HSS,HSS12X8X.500,HSS12X8X1/2,62.46,17.2,,12,,,8,,,0.5,0.465,333,178,377,6.6,
HSS,HSS12X8X.375,HSS12X8X3/8,47.9,13.2,,12,,,8,,,0.375,0.349,262,140,293,6.95,
HSS,HSS12X8X.313,HSS12X8X5/16,40.35,11.1,,12,,,8,,,0.3125,0.291,224,120,248,7.13,
HSS,HSS12X8X.250,HSS12X8X1/4,32.63,8.96,,12,,,8,,,0.25,0.233,184,98.8,202,7.3,
HSS,HSS12X8X.188,HSS12X8X3/16,24.73,6.76,,12,,,8,,,0.1875,0.174,140,75.7,153,7.48,
HSS,HSS12X6X.625,HSS12X6X5/8,67.82,18.7,,12,,,6,,,0.625,0.581,321,107,271,4.26,
HSS,HSS12X6X.500,HSS12X6X1/2,55.66,15.3,,12,,,6,,,0.5,0.465,271,91.1,227,4.61,
HSS,HSS12X6X.375,HSS12X6X3/8,42.79,11.8,,12,,,6,,,0.375,0.349,215,72.9,178,4.95,
HSS,HSS12X6X.313,HSS12X6X5/16,36.1,9.92,,12,,,6,,,0.3125,0.291,184,62.8,152,5.13,
HSS,HSS12X6X.250,HSS12X6X1/4,29.23,8.03,,12,,,6,,,0.25,0.233,151,51.9,124,5.3,
HSS,HSS12X6X.188,HSS12X6X3/16,22.18,6.06,,12,,,6,,,0.1875,0.174,116,40,94.6,5.48,
HSS,HSS12X4X.625,HSS12X4X5/8,59.32,16.4,,12,,,4,,,0.625,0.581,245,40.4,122,2.26,
HSS,HSS12X4X.500,HSS12X4X1/2,48.85,13.5,,12,,,4,,,0.5,0.465,210,35.3,105,2.6,
HSS,HSS12X4X.375,HSS12X4X3/8,37.69,10.4,,12,,,4,,,0.375,0.349,168,28.9,84.1,2.95,
HSS,HSS12X4X.313,HSS12X4X5/16,31.84,8.76,,12,,,4,,,0.3125,0.291,144,25.2,72.4,3.13,
HSS,HSS12X4X.250,HSS12X4X1/4,25.82,7.1,,12,,,4,,,0.25,0.233,119,21,59.8,3.3,
HSS,HSS12X4X.188,HSS12X4X3/16,19.63,5.37,,12,,,4,,,0.1875,0.174,91.8,16.4,46.1,3.48,
HSS,HSS12X3X.313,HSS12X3X5/16,29.72,8.17,,12,,,3,,,0.3125,0.291,124,13.1,41.3,2.13,
HSS,HSS12X3X.250,HSS12X3X1/4,24.12,6.63,,12,,,3,,,0.25,0.233,103,11.1,34.5,2.3,
HSS,HSS12X3X.188,HSS12X3X3/16,18.35,5.02,,12,,,3,,,0.1875,0.174,79.6,8.72,26.8,2.48,
HSS,HSS12X2X.313,HSS12X2X5/16,27.59,7.59,,12,,,2,,,0.3125,0.291,104,5.1,17.6,1.13,
HSS,HSS12X2X.250,HSS12X2X1/4,22.42,6.17,,12,,,2,,,0.25,0.233,86.9,4.41,15.1,1.3,
HSS,HSS12X2X.188,HSS12X2X3/16,17.08,4.67,,12,,,2,,,0.1875,0.174,67.4,3.55,12,1.48,
HSS,HSS10X10X.750,HSS10X10X3/4,89.5,24.7,,10,,,10,,,0.75,0.698,347,347,578,7.91,
HSS,HSS10X10X.625,HSS10X10X5/8,76.33,21,,10,,,10,,,0.625,0.581,304,304,498,8.26,
HSS,HSS10X10X.500,HSS10X10X1/2,62.46,17.2,,10,,,10,,,0.5,0.465,256,256,412,8.6,
HSS,HSS10X10X.375,HSS10X10X3/8,47.9,13.2,,10,,,10,,,0.375,0.349,202,202,320,8.95,
HSS,HSS10X10X.313,HSS10X10X5/16,40.35,11.1,,10,,,10,,,0.3125,0.291,172,172,271,9.13,
HSS,HSS10X10X.250,HSS10X10X1/4,32.63,8.96,,10,,,10,,,0.25,0.233,141,141,220,9.3,
HSS,HSS10X10X.188,HSS10X10X3/16,24.73,6.76,,10,,,10,,,0.1875,0.174,108,108,167,9.48,
HSS,HSS10X8X.625,HSS10X8X5/8,67.82,18.7,,10,,,8,,,0.625,0.581,253,178,346,6.26,
HSS,HSS10X8X.500,HSS10X8X1/2,55.66,15.3,,10,,,8,,,0.5,0.465,214,151,288,6.6,
HSS,HSS10X8X.375,HSS10X8X3/8,42.79,11.8,,10,,,8,,,0.375,0.349,169,120,224,6.95,
HSS,HSS10X8X.313,HSS10X8X5/16,36.1,9.92,,10,,,8,,,0.3125,0.291,145,103,190,7.13,
HSS,HSS10X8X.250,HSS10X8X1/4,29.23,8.03,,10,,,8,,,0.25,0.233,119,84.7,155,7.3,
HSS,HSS10X8X.188,HSS10X8X3/16,22.18,6.06,,10,,,8,,,0.1875,0.174,91.4,65.1,118,7.48,
HSS,HSS10X6X.625,HSS10X6X5/8,59.32,16.4,,10,,,6,,,0.625,0.581,201,89.4,209,4.26,
HSS,HSS10X6X.500,HSS10X6X1/2,48.85,13.5,,10,,,6,,,0.5,0.465,171,76.8,176,4.61,
HSS,HSS10X6X.375,HSS10X6X3/8,37.69,10.4,,10,,,6,,,0.375,0.349,137,61.8,139,4.95,
HSS,HSS10X6X.313,HSS10X6X5/16,31.84,8.76,,10,,,6,,,0.3125,0.291,118,53.3,118,5.13,
HSS,HSS10X6X.250,HSS10X6X1/4,25.82,7.1,,10,,,6,,,0.25,0.233,96.9,44.1,96.7,5.3,
HSS,HSS10X6X.188,HSS10X6X3/16,19.63,5.37,,10,,,6,,,0.1875,0.174,74.6,34.1,73.8,5.48,
HSS,HSS10X5X.375,HSS10X5X3/8,35.13,9.67,,10,,,5,,,0.375,0.349,120,40.6,100,3.95,
HSS,HSS10X5X.313,HSS10X5X5/16,29.72,8.17,,10,,,5,,,0.3125,0.291,104,35.2,86,4.13,
HSS,HSS10X5X.250,HSS10X5X1/4,24.12,6.63,,10,,,5,,,0.25,0.233,85.8,29.3,70.7,4.3,
HSS,HSS10X4X.625,HSS10X4X5/8,50.81,14,,10,,,4,,,0.625,0.581,149,33.5,95.7,2.26,
HSS,HSS10X4X.500,HSS10X4X1/2,42.05,11.6,,10,,,4,,,0.5,0.465,129,29.5,82.6,2.6,
HSS,HSS10X4X.375,HSS10X4X3/8,32.58,8.97,,10,,,4,,,0.375,0.349,104,24.3,66.5,2.95,
HSS,HSS10X4X.313,HSS10X4X5/16,27.59,7.59,,10,,,4,,,0.3125,0.291,90.1,21.2,57.3,3.13,
HSS,HSS10X4X.250,HSS10X4X1/4,22.42,6.17,,10,,,4,,,0.25,0.233,74.7,17.7,47.4,3.3,
HSS,HSS10X4X.188,HSS10X4X3/16,17.08,4.67,,10,,,4,,,0.1875,0.174,57.8,13.9,36.5,3.48,
HSS,HSS10X4X.125,HSS10X4X1/8,11.56,3.16,,10,,,4,,,0.125,0.116,39.8,9.65,25.1,3.65,
HSS,HSS10X3-1/2X.375,HSS10X3-1/2X3/8,31.31,8.62,,10,,,3.5,,,0.375,0.349,96.1,17.8,51.5,2.45,
HSS,HSS10X3-1/2X.313,HSS10X3-1/2X5/16,26.53,7.3,,10,,,3.5,,,0.3125,0.291,83.2,15.6,44.6,2.63,
HSS,HSS10X3-1/2X.250,HSS10X3-1/2X1/4,21.57,5.93,,10,,,3.5,,,0.25,0.233,69.1,13.1,37,2.8,
HSS,HSS10X3-1/2X.188,HSS10X3-1/2X3/16,16.44,4.5,,10,,,3.5,,,0.1875,0.174,53.6,10.3,28.6,2.98,
HSS,HSS10X3X.375,HSS10X3X3/8,30.03,8.27,,10,,,3,,,0.375,0.349,88,12.4,37.8,1.95,
HSS,HSS10X3X.313,HSS10X3X5/16,25.46,7.01,,10,,,3,,,0.3125,0.291,76.3,11,33,2.13,
HSS,HSS10X3X.250,HSS10X3X1/4,20.72,5.7,,10,,,3,,,0.25,0.233,63.6,9.28,27.6,2.3,
HSS,HSS10X3X.188,HSS10X3X3/16,15.8,4.32,,10,,,3,,,0.1875,0.174,49.4,7.33,21.5,2.48,
HSS,HSS10X3X.125,HSS10X3X1/8,10.71,2.93,,10,,,3,,,0.125,0.116,34.2,5.16,14.9,2.65,
HSS,HSS10X2X.375,HSS10X2X3/8,27.48,7.58,,10,,,2,,,0.375,0.349,71.7,4.7,15.9,0.953,
HSS,HSS10X2X.313,HSS10X2X5/16,23.34,6.43,,10,,,2,,,0.3125,0.291,62.6,4.24,14.2,1.13,
HSS,HSS10X2X.250,HSS10X2X1/4,19.02,5.24,,10,,,2,,,0.25,0.233,52.5,3.67,12.2,1.3,
HSS,HSS10X2X.188,HSS10X2X3/16,14.53,3.98,,10,,,2,,,0.1875,0.174,41,2.97,9.74,1.48,
HSS,HSS10X2X.125,HSS10X2X1/8,9.86,2.7,,10,,,2,,,0.125,0.116,28.5,2.14,6.9,1.65,
HSS,HSS9X9X.625,HSS9X9X5/8,67.82,18.7,,9,,,9,,,0.625,0.581,216,216,356,7.26,
HSS,HSS9X9X.500,HSS9X9X1/2,55.66,15.3,,9,,,9,,,0.5,0.465,183,183,296,7.6,
HSS,HSS9X9X.375,HSS9X9X3/8,42.79,11.8,,9,,,9,,,0.375,0.349,145,145,231,7.95,
HSS,HSS9X9X.313,HSS9X9X5/16,36.1,9.92,,9,,,9,,,0.3125,0.291,124,124,196,8.13,
HSS,HSS9X9X.250,HSS9X9X1/4,29.23,8.03,,9,,,9,,,0.25,0.233,102,102,159,8.3,
HSS,HSS9X9X.188,HSS9X9X3/16,22.18,6.06,,9,,,9,,,0.1875,0.174,78.2,78.2,121,8.48,
HSS,HSS9X9X.125,HSS9X9X1/8,14.96,4.09,,9,,,9,,,0.125,0.116,53.5,53.5,82,8.65,
HSS,HSS9X7X.625,HSS9X7X5/8,59.32,16.4,,9,,,7,,,0.625,0.581,174,117,235,5.26,
HSS,HSS9X7X.500,HSS9X7X1/2,48.85,13.5,,9,,,7,,,0.5,0.465,149,100,197,5.6,
HSS,HSS9X7X.375,HSS9X7X3/8,37.69,10.4,,9,,,7,,,0.375,0.349,119,80.4,154,5.95,
HSS,HSS9X7X.313,HSS9X7X5/16,31.84,8.76,,9,,,7,,,0.3125,0.291,102,69.2,131,6.13,
HSS,HSS9X7X.250,HSS9X7X1/4,25.82,7.1,,9,,,7,,,0.25,0.233,84.1,57.2,107,6.3,
HSS,HSS9X7X.188,HSS9X7X3/16,19.63,5.37,,9,,,7,,,0.1875,0.174,64.7,44.1,81.7,6.48,
HSS,HSS9X5X.625,HSS9X5X5/8,50.81,14,,9,,,5,,,0.625,0.581,133,52,128,3.26,
HSS,HSS9X5X.500,HSS9X5X1/2,42.05,11.6,,9,,,5,,,0.5,0.465,115,45.2,109,3.6,
HSS,HSS9X5X.375,HSS9X5X3/8,32.58,8.97,,9,,,5,,,0.375,0.349,92.5,36.8,86.9,3.95,
HSS,HSS9X5X.313,HSS9X5X5/16,27.59,7.59,,9,,,5,,,0.3125,0.291,79.8,32,74.4,4.13,
HSS,HSS9X5X.250,HSS9X5X1/4,22.42,6.17,,9,,,5,,,0.25,0.233,66.1,26.6,61.2,4.3,
HSS,HSS9X5X.188,HSS9X5X3/16,17.08,4.67,,9,,,5,,,0.1875,0.174,51.1,20.7,46.9,4.48,
HSS,HSS9X3X.500,HSS9X3X1/2,35.24,9.74,,9,,,3,,,0.5,0.465,80.8,13.2,40,1.6,
HSS,HSS9X3X.375,HSS9X3X3/8,27.48,7.58,,9,,,3,,,0.375,0.349,66.3,11.2,33.1,1.95,
HSS,HSS9X3X.313,HSS9X3X5/16,23.34,6.43,,9,,,3,,,0.3125,0.291,57.7,9.88,28.9,2.13,
HSS,HSS9X3X.250,HSS9X3X1/4,19.02,5.24,,9,,,3,,,0.25,0.233,48.2,8.38,24.2,2.3,
HSS,HSS9X3X.188,HSS9X3X3/16,14.53,3.98,,9,,,3,,,0.1875,0.174,37.6,6.64,18.9,2.48,
HSS,HSS8X8X.625,HSS8X8X5/8,59.32,16.4,,8,,,8,,,0.625,0.581,146,146,244,6.26,
HSS,HSS8X8X.500,HSS8X8X1/2,48.85,13.5,,8,,,8,,,0.5,0.465,125,125,204,6.6,
HSS,HSS8X8X.375,HSS8X8X3/8,37.69,10.4,,8,,,8,,,0.375,0.349,100,100,160,6.95,
HSS,HSS8X8X.313,HSS8X8X5/16,31.84,8.76,,8,,,8,,,0.3125,0.291,85.6,85.6,136,7.13,
HSS,HSS8X8X.250,HSS8X8X1/4,25.82,7.1,,8,,,8,,,0.25,0.233,70.7,70.7,111,7.3,
HSS,HSS8X8X.188,HSS8X8X3/16,19.63,5.37,,8,,,8,,,0.1875,0.174,54.4,54.4,84.5,7.48,
HSS,HSS8X8X.125,HSS8X8X1/8,13.26,3.62,,8,,,8,,,0.125,0.116,37.4,37.4,57.3,7.65,
HSS,HSS8X6X.625,HSS8X6X5/8,50.81,14,,8,,,6,,,0.625,0.581,114,72.3,150,4.26,
HSS,HSS8X6X.500,HSS8X6X1/2,42.05,11.6,,8,,,6,,,0.5,0.465,98.2,62.5,127,4.61,
HSS,HSS8X6X.375,HSS8X6X3/8,32.58,8.97,,8,,,6,,,0.375,0.349,79.1,50.6,100,4.95,
HSS,HSS8X6X.313,HSS8X6X5/16,27.59,7.59,,8,,,6,,,0.3125,0.291,68.3,43.8,85.8,5.13,
HSS,HSS8X6X.250,HSS8X6X1/4,22.42,6.17,,8,,,6,,,0.25,0.233,56.6,36.4,70.3,5.3,
HSS,HSS8X6X.188,HSS8X6X3/16,17.08,4.67,,8,,,6,,,0.1875,0.174,43.7,28.2,53.7,5.48,
HSS,HSS8X4X.625,HSS8X4X5/8,42.3,11.7,,8,,,4,,,0.625,0.581,82,26.6,70.3,2.26,
HSS,HSS8X4X.500,HSS8X4X1/2,35.24,9.74,,8,,,4,,,0.5,0.465,71.8,23.6,61.1,2.6,
HSS,HSS8X4X.375,HSS8X4X3/8,27.48,7.58,,8,,,4,,,0.375,0.349,58.7,19.6,49.3,2.95,
HSS,HSS8X4X.313,HSS8X4X5/16,23.34,6.43,,8,,,4,,,0.3125,0.291,51,17.2,42.6,3.13,
HSS,HSS8X4X.250,HSS8X4X1/4,19.02,5.24,,8,,,4,,,0.25,0.233,42.5,14.4,35.3,3.3,
HSS,HSS8X4X.188,HSS8X4X3/16,14.53,3.98,,8,,,4,,,0.1875,0.174,33.1,11.3,27.2,3.48,
HSS,HSS8X4X.125,HSS8X4X1/8,9.86,2.7,,8,,,4,,,0.125,0.116,22.9,7.9,18.7,3.65,
HSS,HSS8X3X.500,HSS8X3X1/2,31.84,8.81,,8,,,3,,,0.5,0.465,58.6,11.7,34.3,1.6,
HSS,HSS8X3X.375,HSS8X3X3/8,24.93,6.88,,8,,,3,,,0.375,0.349,48.5,10,28.5,1.95,
HSS,HSS8X3X.313,HSS8X3X5/16,21.21,5.85,,8,,,3,,,0.3125,0.291,42.4,8.81,24.9,2.13,
HSS,HSS8X3X.250,HSS8X3X1/4,17.32,4.77,,8,,,3,,,0.25,0.233,35.5,7.49,20.8,2.3,
HSS,HSS8X3X.188,HSS8X3X3/16,13.25,3.63,,8,,,3,,,0.1875,0.174,27.8,5.94,16.2,2.48,
HSS,HSS8X3X.125,HSS8X3X1/8,9.01,2.46,,8,,,3,,,0.125,0.116,19.3,4.2,11.3,2.65,
HSS,HSS8X2X.500,HSS8X2X1/2,28.43,7.88,,8,,,2,,,0.5,0.465,45.3,4.19,13.6,0.605,
HSS,HSS8X2X.375,HSS8X2X3/8,22.37,6.18,,8,,,2,,,0.375,0.349,38.2,3.73,12.1,0.953,
HSS,HSS8X2X.313,HSS8X2X5/16,19.08,5.26,,8,,,2,,,0.3125,0.291,33.7,3.38,10.9,1.13,
HSS,HSS8X2X.250,HSS8X2X1/4,15.62,4.3,,8,,,2,,,0.25,0.233,28.5,2.94,9.36,1.3,
HSS,HSS8X2X.188,HSS8X2X3/16,11.97,3.28,,8,,,2,,,0.1875,0.174,22.4,2.39,7.48,1.48,
HSS,HSS8X2X.125,HSS8X2X1/8,8.16,2.23,,8,,,2,,,0.125,0.116,15.7,1.72,5.3,1.65,
HSS,HSS7X7X.625,HSS7X7X5/8,50.81,14,,7,,,7,,,0.625,0.581,93.4,93.4,158,5.26,
HSS,HSS7X7X.500,HSS7X7X1/2,42.05,11.6,,7,,,7,,,0.5,0.465,80.5,80.5,133,5.6,
HSS,HSS7X7X.375,HSS7X7X3/8,32.58,8.97,,7,,,7,,,0.375,0.349,65,65,105,5.95,
HSS,HSS7X7X.313,HSS7X7X5/16,27.59,7.59,,7,,,7,,,0.3125,0.291,56.1,56.1,89.7,6.13,
HSS,HSS7X7X.250,HSS7X7X1/4,22.42,6.17,,7,,,7,,,0.25,0.233,46.5,46.5,73.5,6.3,
HSS,HSS7X7X.188,HSS7X7X3/16,17.08,4.67,,7,,,7,,,0.1875,0.174,36,36,56.1,6.48,
HSS,HSS7X7X.125,HSS7X7X1/8,11.56,3.16,,7,,,7,,,0.125,0.116,24.8,24.8,38.2,6.65,
HSS,HSS7X5X.500,HSS7X5X1/2,35.24,9.74,,7,,,5,,,0.5,0.465,60.6,35.6,75.8,3.6,
HSS,HSS7X5X.375,HSS7X5X3/8,27.48,7.58,,7,,,5,,,0.375,0.349,49.5,29.3,60.6,3.95,
HSS,HSS7X5X.313,HSS7X5X5/16,23.34,6.43,,7,,,5,,,0.3125,0.291,43,25.5,52.1,4.13,
HSS,HSS7X5X.250,HSS7X5X1/4,19.02,5.24,,7,,,5,,,0.25,0.233,35.9,21.3,42.9,4.3,
HSS,HSS7X5X.188,HSS7X5X3/16,14.53,3.98,,7,,,5,,,0.1875,0.174,27.9,16.6,32.9,4.48,
HSS,HSS7X5X.125,HSS7X5X1/8,9.86,2.7,,7,,,5,,,0.125,0.116,19.3,11.6,22.5,4.65,
HSS,HSS7X4X.500,HSS7X4X1/2,31.84,8.81,,7,,,4,,,0.5,0.465,50.7,20.7,50.5,2.6,
HSS,HSS7X4X.375,HSS7X4X3/8,24.93,6.88,,7,,,4,,,0.375,0.349,41.8,17.3,41,2.95,
HSS,HSS7X4X.313,HSS7X4X5/16,21.21,5.85,,7,,,4,,,0.3125,0.291,36.5,15.2,35.4,3.13,
HSS,HSS7X4X.250,HSS7X4X1/4,17.32,4.77,,7,,,4,,,0.25,0.233,30.5,12.8,29.3,3.3,
HSS,HSS7X4X.188,HSS7X4X3/16,13.25,3.63,,7,,,4,,,0.1875,0.174,23.8,10,22.7,3.48,
HSS,HSS7X4X.125,HSS7X4X1/8,9.01,2.46,,7,,,4,,,0.125,0.116,16.6,7.03,15.6,3.65,
HSS,HSS7X3X.500,HSS7X3X1/2,28.43,7.88,,7,,,3,,,0.5,0.465,40.7,10.2,28.6,1.6,
HSS,HSS7X3X.375,HSS7X3X3/8,22.37,6.18,,7,,,3,,,0.375,0.349,34.1,8.71,23.9,1.95,
HSS,HSS7X3X.313,HSS7X3X5/16,19.08,5.26,,7,,,3,,,0.3125,0.291,29.9,7.74,20.9,2.13,
HSS,HSS7X3X.250,HSS7X3X1/4,15.62,4.3,,7,,,3,,,0.25,0.233,25.2,6.6,17.5,2.3,
HSS,HSS7X3X.188,HSS7X3X3/16,11.97,3.28,,7,,,3,,,0.1875,0.174,19.8,5.24,13.7,2.48,
HSS,HSS7X3X.125,HSS7X3X1/8,8.16,2.23,,7,,,3,,,0.125,0.116,13.8,3.71,9.48,2.65,
HSS,HSS7X2X.250,HSS7X2X1/4,13.91,3.84,,7,,,2,,,0.25,0.233,19.8,2.58,7.95,1.3,
HSS,HSS7X2X.188,HSS7X2X3/16,10.7,2.93,,7,,,2,,,0.1875,0.174,15.7,2.1,6.35,1.48,
HSS,HSS7X2X.125,HSS7X2X1/8,7.31,2,,7,,,2,,,0.125,0.116,11.1,1.52,4.51,1.65,
HSS,HSS6X6X.625,HSS6X6X5/8,42.3,11.7,,6,,,6,,,0.625,0.581,55.2,55.2,94.9,4.26,
HSS,HSS6X6X.500,HSS6X6X1/2,35.24,9.74,,6,,,6,,,0.5,0.465,48.3,48.3,81.1,4.61,
HSS,HSS6X6X.375,HSS6X6X3/8,27.48,7.58,,6,,,6,,,0.375,0.349,39.5,39.5,64.6,4.95,
HSS,HSS6X6X.313,HSS6X6X5/16,23.34,6.43,,6,,,6,,,0.3125,0.291,34.3,34.3,55.4,5.13,
HSS,HSS6X6X.250,HSS6X6X1/4,19.02,5.24,,6,,,6,,,0.25,0.233,28.6,28.6,45.6,5.3,
HSS,HSS6X6X.188,HSS6X6X3/16,14.53,3.98,,6,,,6,,,0.1875,0.174,22.3,22.3,35,5.48,
HSS,HSS6X6X.125,HSS6X6X1/8,9.86,2.7,,6,,,6,,,0.125,0.116,15.5,15.5,23.9,5.65,
HSS,HSS6X5X.500,HSS6X5X1/2,31.84,8.81,,6,,,5,,,0.5,0.465,41.1,30.8,59.8,3.6,
HSS,HSS6X5X.375,HSS6X5X3/8,24.93,6.88,,6,,,5,,,0.375,0.349,33.9,25.5,48.1,3.95,
HSS,HSS6X5X.313,HSS6X5X5/16,21.21,5.85,,6,,,5,,,0.3125,0.291,29.6,22.3,41.4,4.13,
HSS,HSS6X5X.250,HSS6X5X1/4,17.32,4.77,,6,,,5,,,0.25,0.233,24.7,18.7,34.2,4.3,
HSS,HSS6X5X.188,HSS6X5X3/16,13.25,3.63,,6,,,5,,,0.1875,0.174,19.3,14.6,26.3,4.48,
HSS,HSS6X5X.125,HSS6X5X1/8,9.01,2.46,,6,,,5,,,0.125,0.116,13.4,10.2,18,4.65,
HSS,HSS6X4X.500,HSS6X4X1/2,28.43,7.88,,6,,,4,,,0.5,0.465,34,17.8,40.3,2.6,
HSS,HSS6X4X.375,HSS6X4X3/8,22.37,6.18,,6,,,4,,,0.375,0.349,28.3,14.9,32.8,2.95,
HSS,HSS6X4X.313,HSS6X4X5/16,19.08,5.26,,6,,,4,,,0.3125,0.291,24.8,13.2,28.4,3.13,
HSS,HSS6X4X.250,HSS6X4X1/4,15.62,4.3,,6,,,4,,,0.25,0.233,20.9,11.1,23.6,3.3,
HSS,HSS6X4X.188,HSS6X4X3/16,11.97,3.28,,6,,,4,,,0.1875,0.174,16.4,8.76,18.2,3.48,
HSS,HSS6X4X.125,HSS6X4X1/8,8.16,2.23,,6,,,4,,,0.125,0.116,11.4,6.15,12.6,3.65,
HSS,HSS6X3X.500,HSS6X3X1/2,25.03,6.95,,6,,,3,,,0.5,0.465,26.8,8.69,23.1,1.6,
HSS,HSS6X3X.375,HSS6X3X3/8,19.82,5.48,,6,,,3,,,0.375,0.349,22.7,7.48,19.3,1.95,
HSS,HSS6X3X.313,HSS6X3X5/16,16.96,4.68,,6,,,3,,,0.3125,0.291,20.1,6.67,16.9,2.13,
HSS,HSS6X3X.250,HSS6X3X1/4,13.91,3.84,,6,,,3,,,0.25,0.233,17,5.7,14.2,2.3,
HSS,HSS6X3X.188,HSS6X3X3/16,10.7,2.93,,6,,,3,,,0.1875,0.174,13.4,4.55,11.1,2.48,
HSS,HSS6X3X.125,HSS6X3X1/8,7.31,2,,6,,,3,,,0.125,0.116,9.43,3.23,7.73,2.65,
HSS,HSS6X2X.375,HSS6X2X3/8,17.27,4.78,,6,,,2,,,0.375,0.349,17.1,2.77,8.42,0.953,
HSS,HSS6X2X.313,HSS6X2X5/16,14.83,4.1,,6,,,2,,,0.3125,0.291,15.3,2.52,7.6,1.13,
HSS,HSS6X2X.250,HSS6X2X1/4,12.21,3.37,,6,,,2,,,0.25,0.233,13.1,2.21,6.55,1.3,
HSS,HSS6X2X.188,HSS6X2X3/16,9.42,2.58,,6,,,2,,,0.1875,0.174,10.5,1.8,5.24,1.48,
HSS,HSS6X2X.125,HSS6X2X1/8,6.46,1.77,,6,,,2,,,0.125,0.116,7.42,1.31,3.72,1.65,
HSS,HSS5-1/2X5-1/2X.375,HSS5-1/2X5-1/2X3/8,24.93,6.88,,5.5,,,5.5,,,0.375,0.349,29.7,29.7,49,4.45,
HSS,HSS5-1/2X5-1/2X.313,HSS5-1/2X5-1/2X5/16,21.21,5.85,,5.5,,,5.5,,,0.3125,0.291,25.9,25.9,42.2,4.63,
HSS,HSS5-1/2X5-1/2X.250,HSS5-1/2X5-1/2X1/4,17.32,4.77,,5.5,,,5.5,,,0.25,0.233,21.7,21.7,34.8,4.8,
HSS,HSS5-1/2X5-1/2X.188,HSS5-1/2X5-1/2X3/16,13.25,3.63,,5.5,,,5.5,,,0.1875,0.174,17,17,26.7,4.98,
HSS,HSS5-1/2X5-1/2X.125,HSS5-1/2X5-1/2X1/8,9.01,2.46,,5.5,,,5.5,,,0.125,0.116,11.8,11.8,18.3,5.15,
HSS,HSS5X5X.500,HSS5X5X1/2,28.43,7.88,,5,,,5,,,0.5,0.465,26,26,44.6,3.6,
HSS,HSS5X5X.375,HSS5X5X3/8,22.37,6.18,,5,,,5,,,0.375,0.349,21.7,21.7,36.1,3.95,
HSS,HSS5X5X.313,HSS5X5X5/16,19.08,5.26,,5,,,5,,,0.3125,0.291,19,19,31.2,4.13,
HSS,HSS5X5X.250,HSS5X5X1/4,15.62,4.3,,5,,,5,,,0.25,0.233,16,16,25.8,4.3,
HSS,HSS5X5X.188,HSS5X5X3/16,11.97,3.28,,5,,,5,,,0.1875,0.174,12.6,12.6,19.9,4.48,
HSS,HSS5X5X.125,HSS5X5X1/8,8.16,2.23,,5,,,5,,,0.125,0.116,8.8,8.8,13.7,4.65,
HSS,HSS5X4X.500,HSS5X4X1/2,25.03,6.95,,5,,,4,,,0.5,0.465,21.2,14.9,30.3,2.6,
HSS,HSS5X4X.375,HSS5X4X3/8,19.82,5.48,,5,,,4,,,0.375,0.349,17.9,12.6,24.9,2.95,
HSS,HSS5X4X.313,HSS5X4X5/16,16.96,4.68,,5,,,4,,,0.3125,0.291,15.8,11.1,21.7,3.13,
HSS,HSS5X4X.250,HSS5X4X1/4,13.91,3.84,,5,,,4,,,0.25,0.233,13.4,9.46,18,3.3,
HSS,HSS5X4X.188,HSS5X4X3/16,10.7,2.93,,5,,,4,,,0.1875,0.174,10.6,7.48,14,3.48,
HSS,HSS5X4X.125,HSS5X4X1/8,7.31,2,,5,,,4,,,0.125,0.116,7.42,5.27,9.66,3.65,
HSS,HSS5X3X.500,HSS5X3X1/2,21.63,6.02,,5,,,3,,,0.5,0.465,16.4,7.18,17.6,1.6,
HSS,HSS5X3X.375,HSS5X3X3/8,17.27,4.78,,5,,,3,,,0.375,0.349,14.1,6.25,14.9,1.95,
HSS,HSS5X3X.313,HSS5X3X5/16,14.83,4.1,,5,,,3,,,0.3125,0.291,12.6,5.6,13.1,2.13,
HSS,HSS5X3X.250,HSS5X3X1/4,12.21,3.37,,5,,,3,,,0.25,0.233,10.7,4.81,11,2.3,
HSS,HSS5X3X.188,HSS5X3X3/16,9.42,2.58,,5,,,3,,,0.1875,0.174,8.53,3.85,8.64,2.48,
HSS,HSS5X3X.125,HSS5X3X1/8,6.46,1.77,,5,,,3,,,0.125,0.116,6.03,2.75,6.02,2.65,
HSS,HSS5X2-1/2X.250,HSS5X2-1/2X1/4,11.36,3.14,,5,,,2.5,,,0.25,0.233,9.4,3.13,7.93,1.8,
HSS,HSS5X2-1/2X.188,HSS5X2-1/2X3/16,8.78,2.41,,5,,,2.5,,,0.1875,0.174,7.51,2.53,6.26,1.98,
HSS,HSS5X2-1/2X.125,HSS5X2-1/2X1/8,6.03,1.65,,5,,,2.5,,,0.125,0.116,5.34,1.82,4.4,2.15,
HSS,HSS5X2X.375,HSS5X2X3/8,14.72,4.09,,5,,,2,,,0.375,0.349,10.4,2.28,6.61,0.953,
HSS,HSS5X2X.313,HSS5X2X5/16,12.7,3.52,,5,,,2,,,0.3125,0.291,9.35,2.1,5.99,1.13,
HSS,HSS5X2X.250,HSS5X2X1/4,10.51,2.91,,5,,,2,,,0.25,0.233,8.08,1.84,5.17,1.3,
HSS,HSS5X2X.188,HSS5X2X3/16,8.15,2.24,,5,,,2,,,0.1875,0.174,6.5,1.51,4.15,1.48,
HSS,HSS5X2X.125,HSS5X2X1/8,5.61,1.54,,5,,,2,,,0.125,0.116,4.65,1.1,2.95,1.65,
HSS,HSS4-1/2X4-1/2X.500,HSS4-1/2X4-1/2X1/2,25.03,6.95,,4.5,,,4.5,,,0.5,0.465,18.1,18.1,31.3,3.1,
HSS,HSS4-1/2X4-1/2X.375,HSS4-1/2X4-1/2X3/8,19.82,5.48,,4.5,,,4.5,,,0.375,0.349,15.3,15.3,25.7,3.45,
HSS,HSS4-1/2X4-1/2X.313,HSS4-1/2X4-1/2X5/16,16.96,4.68,,4.5,,,4.5,,,0.3125,0.291,13.5,13.5,22.3,3.63,
HSS,HSS4-1/2X4-1/2X.250,HSS4-1/2X4-1/2X1/4,13.91,3.84,,4.5,,,4.5,,,0.25,0.233,11.4,11.4,18.5,3.8,
HSS,HSS4-1/2X4-1/2X.188,HSS4-1/2X4-1/2X3/16,10.7,2.93,,4.5,,,4.5,,,0.1875,0.174,9.02,9.02,14.4,3.98,
HSS,HSS4-1/2X4-1/2X.125,HSS4-1/2X4-1/2X1/8,7.31,2,,4.5,,,4.5,,,0.125,0.116,6.35,6.35,9.92,4.15,
HSS,HSS4X4X.500,HSS4X4X1/2,21.63,6.02,,4,,,4,,,0.5,0.465,11.9,11.9,21,2.6,
HSS,HSS4X4X.375,HSS4X4X3/8,17.27,4.78,,4,,,4,,,0.375,0.349,10.3,10.3,17.5,2.95,
HSS,HSS4X4X.313,HSS4X4X5/16,14.83,4.1,,4,,,4,,,0.3125,0.291,9.14,9.14,15.3,3.13,
HSS,HSS4X4X.250,HSS4X4X1/4,12.21,3.37,,4,,,4,,,0.25,0.233,7.8,7.8,12.8,3.3,
HSS,HSS4X4X.188,HSS4X4X3/16,9.42,2.58,,4,,,4,,,0.1875,0.174,6.21,6.21,10,3.48,
HSS,HSS4X4X.125,HSS4X4X1/8,6.46,1.77,,4,,,4,,,0.125,0.116,4.4,4.4,6.91,3.65,
HSS,HSS4X3X.375,HSS4X3X3/8,14.72,4.09,,4,,,3,,,0.375,0.349,7.93,5.01,10.6,1.95,
HSS,HSS4X3X.313,HSS4X3X5/16,12.7,3.52,,4,,,3,,,0.3125,0.291,7.14,4.52,9.41,2.13,
HSS,HSS4X3X.250,HSS4X3X1/4,10.51,2.91,,4,,,3,,,0.25,0.233,6.15,3.91,7.96,2.3,
HSS,HSS4X3X.188,HSS4X3X3/16,8.15,2.24,,4,,,3,,,0.1875,0.174,4.93,3.16,6.26,2.48,
HSS,HSS4X3X.125,HSS4X3X1/8,5.61,1.54,,4,,,3,,,0.125,0.116,3.52,2.27,4.38,2.65,
HSS,HSS4X2-1/2X.250,HSS4X2-1/2X1/4,9.66,2.67,,4,,,2.5,,,0.25,0.233,5.32,2.53,5.78,1.8,
HSS,HSS4X2-1/2X.188,HSS4X2-1/2X3/16,7.51,2.06,,4,,,2.5,,,0.1875,0.174,4.3,2.06,4.59,1.98,
HSS,HSS4X2-1/2X.125,HSS4X2-1/2X1/8,5.18,1.42,,4,,,2.5,,,0.125,0.116,3.09,1.49,3.23,2.15,
HSS,HSS4X2X.375,HSS4X2X3/8,12.17,3.39,,4,,,2,,,0.375,0.349,5.6,1.8,4.83,0.953,
HSS,HSS4X2X.313,HSS4X2X5/16,10.58,2.94,,4,,,2,,,0.3125,0.291,5.13,1.67,4.4,1.13,
HSS,HSS4X2X.250,HSS4X2X1/4,8.81,2.44,,4,,,2,,,0.25,0.233,4.49,1.48,3.82,1.3,
HSS,HSS4X2X.188,HSS4X2X3/16,6.87,1.89,,4,,,2,,,0.1875,0.174,3.66,1.22,3.08,1.48,
HSS,HSS4X2X.125,HSS4X2X1/8,4.75,1.3,,4,,,2,,,0.125,0.116,2.65,0.898,2.2,1.65,
HSS,HSS4X1-1/2X.250,HSS4X1-1/2X1/4,7.96,2.21,,4,,,1.5,,,0.25,0.233,3.66,0.733,2.14,0.801,
HSS,HSS4X1-1/2X.188,HSS4X1-1/2X3/16,6.23,1.71,,4,,,1.5,,,0.1875,0.174,3.02,0.621,1.78,0.978,
HSS,HSS4X1-1/2X.125,HSS4X1-1/2X1/8,4.33,1.19,,4,,,1.5,,,0.125,0.116,2.21,0.467,1.3,1.15,
HSS,HSS3-1/2X3-1/2X.375,HSS3-1/2X3-1/2X3/8,14.72,4.09,,3.5,,,3.5,,,0.375,0.349,6.49,6.49,11.2,2.45,
HSS,HSS3-1/2X3-1/2X.313,HSS3-1/2X3-1/2X5/16,12.7,3.52,,3.5,,,3.5,,,0.3125,0.291,5.84,5.84,9.89,2.63,
HSS,HSS3-1/2X3-1/2X.250,HSS3-1/2X3-1/2X1/4,10.51,2.91,,3.5,,,3.5,,,0.25,0.233,5.04,5.04,8.35,2.8,
HSS,HSS3-1/2X3-1/2X.188,HSS3-1/2X3-1/2X3/16,8.15,2.24,,3.5,,,3.5,,,0.1875,0.174,4.05,4.05,6.56,2.98,
HSS,HSS3-1/2X3-1/2X.125,HSS3-1/2X3-1/2X1/8,5.61,1.54,,3.5,,,3.5,,,0.125,0.116,2.9,2.9,4.58,3.15,
HSS,HSS3-1/2X2-1/2X.375,HSS3-1/2X2-1/2X3/8,12.17,3.39,,3.5,,,2.5,,,0.375,0.349,4.75,2.77,6.16,1.45,
HSS,HSS3-1/2X2-1/2X.313,HSS3-1/2X2-1/2X5/16,10.58,2.94,,3.5,,,2.5,,,0.3125,0.291,4.34,2.54,5.53,1.63,
HSS,HSS3-1/2X2-1/2X.250,HSS3-1/2X2-1/2X1/4,8.81,2.44,,3.5,,,2.5,,,0.25,0.233,3.79,2.23,4.75,1.8,
HSS,HSS3-1/2X2-1/2X.188,HSS3-1/2X2-1/2X3/16,6.87,1.89,,3.5,,,2.5,,,0.1875,0.174,3.09,1.82,3.78,1.98,
HSS,HSS3-1/2X2-1/2X.125,HSS3-1/2X2-1/2X1/8,4.75,1.3,,3.5,,,2.5,,,0.125,0.116,2.23,1.33,2.67,2.15,
HSS,HSS3-1/2X2X.250,HSS3-1/2X2X1/4,7.96,2.21,,3.5,,,2,,,0.25,0.233,3.17,1.3,3.16,1.3,
HSS,HSS3-1/2X2X.188,HSS3-1/2X2X3/16,6.23,1.71,,3.5,,,2,,,0.1875,0.174,2.61,1.08,2.55,1.48,
HSS,HSS3-1/2X2X.125,HSS3-1/2X2X1/8,4.33,1.19,,3.5,,,2,,,0.125,0.116,1.9,0.795,1.83,1.65,
HSS,HSS3-1/2X1-1/2X.250,HSS3-1/2X1-1/2X1/4,7.11,1.97,,3.5,,,1.5,,,0.25,0.233,2.55,0.638,1.79,0.801,
HSS,HSS3-1/2X1-1/2X.188,HSS3-1/2X1-1/2X3/16,5.59,1.54,,3.5,,,1.5,,,0.1875,0.174,2.12,0.544,1.49,0.978,
HSS,HSS3-1/2X1-1/2X.125,HSS3-1/2X1-1/2X1/8,3.9,1.07,,3.5,,,1.5,,,0.125,0.116,1.57,0.411,1.09,1.15,
HSS,HSS3X3X.375,HSS3X3X3/8,12.17,3.39,,3,,,3,,,0.375,0.349,3.78,3.78,6.64,1.95,
HSS,HSS3X3X.313,HSS3X3X5/16,10.58,2.94,,3,,,3,,,0.3125,0.291,3.45,3.45,5.94,2.13,
HSS,HSS3X3X.250,HSS3X3X1/4,8.81,2.44,,3,,,3,,,0.25,0.233,3.02,3.02,5.08,2.3,
HSS,HSS3X3X.188,HSS3X3X3/16,6.87,1.89,,3,,,3,,,0.1875,0.174,2.46,2.46,4.03,2.48,
HSS,HSS3X3X.125,HSS3X3X1/8,4.75,1.3,,3,,,3,,,0.125,0.116,1.78,1.78,2.84,2.65,
HSS,HSS3X2-1/2X.313,HSS3X2-1/2X5/16,9.51,2.64,,3,,,2.5,,,0.3125,0.291,2.92,2.18,4.34,1.63,
HSS,HSS3X2-1/2X.250,HSS3X2-1/2X1/4,7.96,2.21,,3,,,2.5,,,0.25,0.233,2.57,1.93,3.74,1.8,
HSS,HSS3X2-1/2X.188,HSS3X2-1/2X3/16,6.23,1.71,,3,,,2.5,,,0.1875,0.174,2.11,1.59,3,1.98,
HSS,HSS3X2-1/2X.125,HSS3X2-1/2X1/8,4.33,1.19,,3,,,2.5,,,0.125,0.116,1.54,1.16,2.13,2.15,
HSS,HSS3X2X.313,HSS3X2X5/16,8.45,2.35,,3,,,2,,,0.3125,0.291,2.38,1.24,2.87,1.13,
HSS,HSS3X2X.250,HSS3X2X1/4,7.11,1.97,,3,,,2,,,0.25,0.233,2.13,1.11,2.52,1.3,
HSS,HSS3X2X.188,HSS3X2X3/16,5.59,1.54,,3,,,2,,,0.1875,0.174,1.77,0.932,2.05,1.48,
HSS,HSS3X2X.125,HSS3X2X1/8,3.9,1.07,,3,,,2,,,0.125,0.116,1.3,0.692,1.47,1.65,
HSS,HSS3X1-1/2X.250,HSS3X1-1/2X1/4,6.26,1.74,,3,,,1.5,,,0.25,0.233,1.68,0.543,1.44,0.801,
HSS,HSS3X1-1/2X.188,HSS3X1-1/2X3/16,4.96,1.37,,3,,,1.5,,,0.1875,0.174,1.42,0.467,1.21,0.978,
HSS,HSS3X1-1/2X.125,HSS3X1-1/2X1/8,3.48,0.956,,3,,,1.5,,,0.125,0.116,1.06,0.355,0.886,1.15,
HSS,HSS3X1X.188,HSS3X1X3/16,4.32,1.19,,3,,,1,,,0.1875,0.174,1.07,0.173,0.526,0.478,
HSS,HSS3X1X.125,HSS3X1X1/8,3.05,0.84,,3,,,1,,,0.125,0.116,0.817,0.138,0.408,0.652,
HSS,HSS2-1/2X2-1/2X.313,HSS2-1/2X2-1/2X5/16,8.45,2.35,,2.5,,,2.5,,,0.3125,0.291,1.82,1.82,3.2,1.63,
HSS,HSS2-1/2X2-1/2X.250,HSS2-1/2X2-1/2X1/4,7.11,1.97,,2.5,,,2.5,,,0.25,0.233,1.63,1.63,2.79,1.8,
HSS,HSS2-1/2X2-1/2X.188,HSS2-1/2X2-1/2X3/16,5.59,1.54,,2.5,,,2.5,,,0.1875,0.174,1.35,1.35,2.25,1.98,
HSS,HSS2-1/2X2-1/2X.125,HSS2-1/2X2-1/2X1/8,3.9,1.07,,2.5,,,2.5,,,0.125,0.116,0.998,0.998,1.61,2.15,
HSS,HSS2-1/2X2X.250,HSS2-1/2X2X1/4,6.26,1.74,,2.5,,,2,,,0.25,0.233,1.33,0.93,1.9,1.3,
HSS,HSS2-1/2X2X.188,HSS2-1/2X2X3/16,4.96,1.37,,2.5,,,2,,,0.1875,0.174,1.12,0.786,1.55,1.48,
HSS,HSS2-1/2X2X.125,HSS2-1/2X2X1/8,3.48,0.956,,2.5,,,2,,,0.125,0.116,0.833,0.589,1.12,1.65,
HSS,HSS2-1/2X1-1/2X.250,HSS2-1/2X1-1/2X1/4,5.41,1.51,,2.5,,,1.5,,,0.25,0.233,1.03,0.449,1.1,0.801,
HSS,HSS2-1/2X1-1/2X.188,HSS2-1/2X1-1/2X3/16,4.32,1.19,,2.5,,,1.5,,,0.1875,0.174,0.882,0.39,0.929,0.978,
HSS,HSS2-1/2X1-1/2X.125,HSS2-1/2X1-1/2X1/8,3.05,0.84,,2.5,,,1.5,,,0.125,0.116,0.668,0.3,0.687,1.15,
HSS,HSS2-1/2X1X.188,HSS2-1/2X1X3/16,3.68,1.02,,2.5,,,1,,,0.1875,0.174,0.646,0.143,0.412,0.478,
HSS,HSS2-1/2X1X.125,HSS2-1/2X1X1/8,2.63,0.724,,2.5,,,1,,,0.125,0.116,0.503,0.115,0.322,0.652,
HSS,HSS2-1/4X2-1/4X.250,HSS2-1/4X2-1/4X1/4,6.26,1.74,,2.25,,,2.25,,,0.25,0.233,1.13,1.13,1.96,1.55,
HSS,HSS2-1/4X2-1/4X.188,HSS2-1/4X2-1/4X3/16,4.96,1.37,,2.25,,,2.25,,,0.1875,0.174,0.953,0.953,1.6,1.73,
HSS,HSS2-1/4X2-1/4X.125,HSS2-1/4X2-1/4X1/8,3.48,0.956,,2.25,,,2.25,,,0.125,0.116,0.712,0.712,1.15,1.9,
HSS,HSS2X2X.250,HSS2X2X1/4,5.41,1.51,,2,,,2,,,0.25,0.233,0.747,0.747,1.31,1.3,
HSS,HSS2X2X.188,HSS2X2X3/16,4.32,1.19,,2,,,2,,,0.1875,0.174,0.641,0.641,1.09,1.48,
HSS,HSS2X2X.125,HSS2X2X1/8,3.05,0.84,,2,,,2,,,0.125,0.116,0.486,0.486,0.796,1.65,
HSS,HSS2X1-1/2X.188,HSS2X1-1/2X3/16,3.68,1.02,,2,,,1.5,,,0.1875,0.174,0.495,0.313,0.664,0.978,
HSS,HSS2X1-1/2X.125,HSS2X1-1/2X1/8,2.63,0.724,,2,,,1.5,,,0.125,0.116,0.383,0.244,0.496,1.15,
HSS,HSS2X1X.188,HSS2X1X3/16,3.04,0.845,,2,,,1,,,0.1875,0.174,0.35,0.112,0.301,0.478,
HSS,HSS2X1X.125,HSS2X1X1/8,2.2,0.608,,2,,,1,,,0.125,0.116,0.28,0.0922,0.238,0.652,
HSS,HSS1-1/2X1-1/2X.250,HSS1-1/2X1-1/2X1/4,3.71,1.04,,1.5,,,1.5,,,0.25,0.233,0.26,0.26,0.47,0.801,
HSS,HSS1-1/2X1-1/2X.188,HSS1-1/2X1-1/2X3/16,3.04,0.845,,1.5,,,1.5,,,0.188,0.174,0.236,0.236,0.414,0.978,
HSS,HSS1-1/2X1-1/2X.125,HSS1-1/2X1-1/2X1/8,2.2,0.608,,1.5,,,1.5,,,0.125,0.116,0.188,0.188,0.316,1.15,
HSS,HSS28X1.000,HSS28.000X1.000,288.63,79.1,,,28,,,,,1,0.93,7250,7250,14500,,
HSS,HSS28X.875,HSS28.000X0.875,253.72,69.5,,,28,,,,,0.875,0.814,6430,6430,12900,,
HSS,HSS28X.750,HSS28.000X0.750,218.48,59.8,,,28,,,,,0.75,0.698,5580,5580,11200,,
HSS,HSS28X.625,HSS28.000X0.625,182.9,50.1,,,28,,,,,0.625,0.581,4710,4710,9410,,
HSS,HSS28X.500,HSS28.000X0.500,146.99,40.2,,,28,,,,,0.5,0.465,3810,3810,7630,,
HSS,HSS28X.375,HSS28.000X0.375,110.74,30.3,,,28,,,,,0.375,0.349,2900,2900,5790,,
HSS,HSS26X.750,HSS26.000X0.750,202.44,55.4,,,26,,,,,0.75,0.698,4440,4440,8880,,
HSS,HSS26X.625,HSS26.000X0.625,169.54,46.4,,,26,,,,,0.625,0.581,3750,3750,7500,,
HSS,HSS26X.500,HSS26.000X0.500,136.3,37.3,,,26,,,,,0.5,0.465,3040,3040,6080,,
HSS,HSS26X.375,HSS26.000X0.375,102.73,28.1,,,26,,,,,0.375,0.349,2310,2310,4620,,
HSS,HSS26X.313,HSS26.000X0.313,85.81,23.5,,,26,,,,,0.313,0.291,1940,1940,3880,,
HSS,HSS24X1.000,HSS24.000X1.000,245.87,67.4,,,24,,,,,1,0.93,4490,4490,8980,,
HSS,HSS24X.875,HSS24.000X0.875,216.31,59.3,,,24,,,,,0.875,0.814,3990,3990,7980,,
HSS,HSS24X.750,HSS24.000X0.750,186.41,51.1,,,24,,,,,0.75,0.698,3470,3470,6940,,
HSS,HSS24X.625,HSS24.000X0.625,156.18,42.8,,,24,,,,,0.625,0.581,2930,2930,5870,,
HSS,HSS24X.500,HSS24.000X0.500,125.61,34.4,,,24,,,,,0.5,0.465,2380,2380,4760,,
HSS,HSS24X.375,HSS24.000X0.375,94.71,25.9,,,24,,,,,0.375,0.349,1810,1810,3620,,
HSS,HSS24X.313,HSS24.000X0.313,79.13,21.6,,,24,,,,,0.313,0.291,1520,1520,3040,,
HSS,HSS22X.750,HSS22.000X0.750,170.37,46.7,,,22,,,,,0.75,0.698,2650,2650,5300,,
HSS,HSS22X.625,HSS22.000X0.625,142.81,39.1,,,22,,,,,0.625,0.581,2240,2240,4490,,
HSS,HSS22X.500,HSS22.000X0.500,114.92,31.5,,,22,,,,,0.5,0.465,1820,1820,3650,,
HSS,HSS22X.375,HSS22.000X0.375,86.69,23.7,,,22,,,,,0.375,0.349,1390,1390,2780,,
HSS,HSS22X.313,HSS22.000X0.313,72.45,19.8,,,22,,,,,0.313,0.291,1170,1170,2340,,
HSS,HSS20X1.000,HSS20.000X1.000,203.11,55.7,,,20,,,,,1,0.93,2540,2540,5080,,
HSS,HSS20X.875,HSS20.000X0.875,178.89,49,,,20,,,,,0.875,0.814,2260,2260,4520,,
HSS,HSS20X.750,HSS20.000X0.750,154.34,42.3,,,20,,,,,0.75,0.698,1970,1970,3940,,
HSS,HSS20X.625,HSS20.000X0.625,129.45,35.5,,,20,,,,,0.625,0.581,1670,1670,3350,,
HSS,HSS20X.500,HSS20.000X0.500,104,28.5,,,20,,,,,0.5,0.465,1360,1360,2720,,
HSS,HSS20X.375,HSS20.000X0.375,78.67,21.5,,,20,,,,,0.375,0.349,1040,1040,2080,,
HSS,HSS20X.313,HSS20.000X0.313,65.77,18,,,20,,,,,0.313,0.291,874,874,1750,,
HSS,HSS20X.250,HSS20.000X0.250,52.78,14.4,,,20,,,,,0.25,0.233,705,705,1410,,
HSS,HSS18X1.000,HSS18.000X1.000,181.73,49.9,,,18,,,,,1,0.93,1820,1820,3640,,
HSS,HSS18X.875,HSS18.000X0.875,160.19,43.9,,,18,,,,,0.875,0.814,1630,1630,3250,,
HSS,HSS18X.750,HSS18.000X0.750,138.3,37.9,,,18,,,,,0.75,0.698,1420,1420,2840,,
HSS,HSS18X.625,HSS18.000X0.625,116.09,31.8,,,18,,,,,0.625,0.581,1210,1210,2420,,
HSS,HSS18X.500,HSS18.000X0.500,93.54,25.6,,,18,,,,,0.5,0.465,985,985,1970,,
HSS,HSS18X.375,HSS18.000X0.375,70.66,19.4,,,18,,,,,0.375,0.349,754,754,1510,,
HSS,HSS18X.313,HSS18.000X0.313,59.09,16.2,,,18,,,,,0.313,0.291,634,634,1270,,
HSS,HSS18X.250,HSS18.000X0.250,47.44,13,,,18,,,,,0.25,0.233,512,512,1020,,
HSS,HSS16X1.000,HSS16.000X1.000,160.35,44,,,16,,,,,1,0.93,1250,1250,2510,,
HSS,HSS16X.875,HSS16.000X0.875,141.48,38.8,,,16,,,,,0.875,0.814,1120,1120,2240,,
HSS,HSS16X.750,HSS16.000X0.750,122.27,33.5,,,16,,,,,0.75,0.698,984,984,1970,,
HSS,HSS16X.625,HSS16.000X0.625,103,28.1,,,16,,,,,0.625,0.581,838,838,1680,,
HSS,HSS16X.500,HSS16.000X0.500,82.85,22.7,,,16,,,,,0.5,0.465,685,685,1370,,
HSS,HSS16X.438,HSS16.000X0.438,72.87,19.9,,,16,,,,,0.438,0.407,606,606,1210,,
HSS,HSS16X.375,HSS16.000X0.375,62.64,17.2,,,16,,,,,0.375,0.349,526,526,1050,,
HSS,HSS16X.312,HSS16.000X0.312,52.32,14.4,,,16,,,,,0.312,0.291,443,443,886,,
HSS,HSS16X.250,HSS16.000X0.250,42.09,11.5,,,16,,,,,0.25,0.233,359,359,717,,
HSS,HSS14X1.000,HSS14.000X1.000,138.97,38.2,,,14,,,,,1,0.93,820,820,1640,,
HSS,HSS14X.875,HSS14.000X0.875,122.77,33.7,,,14,,,,,0.875,0.814,735,735,1470,,
HSS,HSS14X.750,HSS14.000X0.750,106.23,29.1,,,14,,,,,0.75,0.698,647,647,1290,,
HSS,HSS14X.625,HSS14.000X0.625,89.36,24.5,,,14,,,,,0.625,0.581,552,552,1100,,
HSS,HSS14X.500,HSS14.000X0.500,72.16,19.8,,,14,,,,,0.5,0.465,453,453,907,,
HSS,HSS14X.375,HSS14.000X0.375,54.62,15,,,14,,,,,0.375,0.349,349,349,698,,
HSS,HSS14X.312,HSS14.000X0.312,45.65,12.5,,,14,,,,,0.312,0.291,295,295,589,,
HSS,HSS14X.250,HSS14.000X0.250,36.75,10.1,,,14,,,,,0.25,0.233,239,239,478,,
HSS,HSS14X.188,HSS14.000X0.188,27.69,7.57,,,14,,,,,0.188,0.174,181,181,362,,
HSS,HSS13.375X.625,HSS13.375X0.625,85.19,23.4,,,13.4,,,,,0.625,0.581,479,479,958,,
HSS,HSS13.375X.500,HSS13.375X0.500,68.82,18.9,,,13.4,,,,,0.5,0.465,393,393,787,,
HSS,HSS13.375X.375,HSS13.375X0.375,52.11,14.3,,,13.4,,,,,0.375,0.349,303,303,606,,
HSS,HSS13.375X.313,HSS13.375X0.313,43.64,11.9,,,13.4,,,,,0.313,0.291,256,256,512,,
HSS,HSS13.375X.250,HSS13.375X0.250,35.08,9.6,,,13.4,,,,,0.25,0.233,207,207,415,,
HSS,HSS13.375X.188,HSS13.375X0.188,26.43,7.23,,,13.4,,,,,0.188,0.174,158,158,315,,
HSS,HSS12.75X.750,HSS12.750X0.750,96.21,26.4,,,12.8,,,,,0.75,0.698,481,481,962,,
HSS,HSS12.75X.625,HSS12.750X0.625,81.01,22.2,,,12.8,,,,,0.625,0.581,412,412,824,,
HSS,HSS12.75X.500,HSS12.750X0.500,65.48,17.9,,,12.8,,,,,0.5,0.465,339,339,678,,
HSS,HSS12.75X.375,HSS12.750X0.375,49.61,13.6,,,12.8,,,,,0.375,0.349,262,262,523,,
HSS,HSS12.75X.250,HSS12.750X0.250,33.41,9.16,,,12.8,,,,,0.25,0.233,180,180,359,,
HSS,HSS12.75X.188,HSS12.750X0.188,25.18,6.89,,,12.8,,,,,0.188,0.174,136,136,272,,
HSS,HSS12X.625,HSS12.000X0.625,76,20.9,,,12,,,,,0.625,0.581,341,341,681,,
HSS,HSS12X.500,HSS12.000X0.500,61.47,16.9,,,12,,,,,0.5,0.465,281,281,561,,
HSS,HSS12X.375,HSS12.000X0.375,46.6,12.8,,,12,,,,,0.375,0.349,217,217,434,,
HSS,HSS12X.250,HSS12.000X0.250,31.4,8.6,,,12,,,,,0.25,0.233,149,149,298,,
HSS,HSS11.75X.625,HSS11.750X0.625,74.33,20.4,,,11.8,,,,,0.625,0.581,319,319,638,,
HSS,HSS11.75X.500,HSS11.750X0.500,60.13,16.5,,,11.8,,,,,0.5,0.465,263,263,526,,
HSS,HSS11.75X.375,HSS11.750X0.375,45.6,12.5,,,11.8,,,,,0.375,0.349,203,203,406,,
HSS,HSS11.75X.337,HSS11.750X0.337,41.12,11.3,,,11.8,,,,,0.337,0.313,184,184,368,,
HSS,HSS11.75X.250,HSS11.750X0.250,30.73,8.41,,,11.8,,,,,0.25,0.233,140,140,279,,
HSS,HSS10.75X.625,HSS10.750X0.625,67.65,18.6,,,10.8,,,,,0.625,0.581,241,241,482,,
HSS,HSS10.75X.500,HSS10.750X0.500,54.79,15,,,10.8,,,,,0.5,0.465,199,199,398,,
HSS,HSS10.75X.375,HSS10.750X0.375,41.59,11.4,,,10.8,,,,,0.375,0.349,154,154,309,,
HSS,HSS10.75X.313,HSS10.750X0.313,34.87,9.55,,,10.8,,,,,0.313,0.291,131,131,261,,
HSS,HSS10.75X.250,HSS10.750X0.250,28.06,7.7,,,10.8,,,,,0.25,0.233,106,106,213,,
HSS,HSS10.75X.188,HSS10.750X0.188,21.17,5.79,,,10.8,,,,,0.188,0.174,81,81,162,,
HSS,HSS10X.625,HSS10.000X0.625,62.64,17.2,,,10,,,,,0.625,0.581,191,191,383,,
HSS,HSS10X.500,HSS10.000X0.500,50.78,13.9,,,10,,,,,0.5,0.465,159,159,317,,
HSS,HSS10X.375,HSS10.000X0.375,38.58,10.6,,,10,,,,,0.375,0.349,123,123,247,,
HSS,HSS10X.312,HSS10.000X0.312,32.31,8.88,,,10,,,,,0.312,0.291,105,105,209,,
HSS,HSS10X.250,HSS10.000X0.250,26.06,7.15,,,10,,,,,0.25,0.233,85.3,85.3,171,,
HSS,HSS10X.188,HSS10.000X0.188,19.72,5.37,,,10,,,,,0.188,0.174,64.8,64.8,130,,
HSS,HSS9.625X.625,HSS9.625X0.625,60.13,16.5,,,9.63,,,,,0.625,0.581,170,170,339,,
HSS,HSS9.625X.500,HSS9.625X0.500,48.77,13.4,,,9.63,,,,,0.5,0.465,141,141,281,,
HSS,HSS9.625X.375,HSS9.625X0.375,37.08,10.2,,,9.63,,,,,0.375,0.349,110,110,219,,
HSS,HSS9.625X.312,HSS9.625X0.312,31.06,8.53,,,9.63,,,,,0.312,0.291,93,93,186,,
HSS,HSS9.625X.250,HSS9.625X0.250,25.06,6.87,,,9.63,,,,,0.25,0.233,75.9,75.9,152,,
HSS,HSS9.625X.188,HSS9.625X0.188,18.97,5.17,,,9.63,,,,,0.188,0.174,57.7,57.7,115,,
HSS,HSS8.625X.625,HSS8.625X0.625,53.45,14.7,,,8.63,,,,,0.625,0.581,119,119,239,,
HSS,HSS8.625X.500,HSS8.625X0.500,43.43,11.9,,,8.63,,,,,0.5,0.465,100,100,199,,
HSS,HSS8.625X.375,HSS8.625X0.375,33.07,9.07,,,8.63,,,,,0.375,0.349,77.8,77.8,156,,
HSS,HSS8.625X.322,HSS8.625X0.322,28.58,7.85,,,8.63,,,,,0.322,0.3,68.1,68.1,136,,
HSS,HSS8.625X.250,HSS8.625X0.250,22.38,6.14,,,8.63,,,,,0.25,0.233,54.1,54.1,108,,
HSS,HSS8.625X.188,HSS8.625X0.188,16.96,4.62,,,8.63,,,,,0.188,0.174,41.3,41.3,82.5,,
HSS,HSS7.5X.500,HSS7.500X0.500,37.42,10.3,,,7.5,,,,,0.5,0.465,63.9,63.9,128,,
HSS,HSS7.5X.375,HSS7.500X0.375,28.56,7.84,,,7.5,,,,,0.375,0.349,50.2,50.2,100,,
HSS,HSS7.5X.312,HSS7.500X0.312,23.97,6.59,,,7.5,,,,,0.312,0.291,42.9,42.9,85.8,,
HSS,HSS7.5X.250,HSS7.500X0.250,19.38,5.32,,,7.5,,,,,0.25,0.233,35.2,35.2,70.3,,
HSS,HSS7.5X.188,HSS7.500X0.188,14.7,4,,,7.5,,,,,0.188,0.174,26.9,26.9,53.8,,
HSS,HSS7X.500,HSS7.000X0.500,34.74,9.55,,,7,,,,,0.5,0.465,51.2,51.2,102,,
HSS,HSS7X.375,HSS7.000X0.375,26.56,7.29,,,7,,,,,0.375,0.349,40.4,40.4,80.9,,
HSS,HSS7X.312,HSS7.000X0.312,22.31,6.13,,,7,,,,,0.312,0.291,34.6,34.6,69.1,,
HSS,HSS7X.250,HSS7.000X0.250,18.04,4.95,,,7,,,,,0.25,0.233,28.4,28.4,56.8,,
HSS,HSS7X.188,HSS7.000X0.188,13.69,3.73,,,7,,,,,0.188,0.174,21.7,21.7,43.5,,
HSS,HSS7X.125,HSS7.000X0.125,9.19,2.51,,,7,,,,,0.125,0.116,14.9,14.9,29.7,,
HSS,HSS6.875X.375,HSS6.875X0.375,26.06,7.16,,,6.88,,,,,0.375,0.349,38.2,38.2,76.4,,
HSS,HSS6.875X.312,HSS6.875X0.312,21.89,6.02,,,6.88,,,,,0.312,0.291,32.7,32.7,65.4,,
HSS,HSS6.875X.250,HSS6.875X0.250,17.71,4.86,,,6.88,,,,,0.25,0.233,26.8,26.8,53.7,,
HSS,HSS6.875X.188,HSS6.875X0.188,13.44,3.66,,,6.88,,,,,0.188,0.174,20.6,20.6,41.1,,
HSS,HSS6.625X.500,HSS6.625X0.500,32.74,9,,,6.63,,,,,0.5,0.465,42.9,42.9,85.9,,
HSS,HSS6.625X.432,HSS6.625X0.432,28.6,7.86,,,6.63,,,,,0.432,0.402,38.2,38.2,76.4,,
HSS,HSS6.625X.375,HSS6.625X0.375,25.06,6.88,,,6.63,,,,,0.375,0.349,34,34,68,,
HSS,HSS6.625X.312,HSS6.625X0.312,21.06,5.79,,,6.63,,,,,0.312,0.291,29.1,29.1,58.2,,
HSS,HSS6.625X.280,HSS6.625X0.280,18.99,5.2,,,6.63,,,,,0.28,0.26,26.4,26.4,52.7,,
HSS,HSS6.625X.250,HSS6.625X0.250,17.04,4.68,,,6.63,,,,,0.25,0.233,23.9,23.9,47.9,,
HSS,HSS6.625X.188,HSS6.625X0.188,12.94,3.53,,,6.63,,,,,0.188,0.174,18.4,18.4,36.7,,
HSS,HSS6.625X.125,HSS6.625X0.125,8.69,2.37,,,6.63,,,,,0.125,0.116,12.6,12.6,25.1,,
HSS,HSS6X.500,HSS6.000X0.500,29.4,8.09,,,6,,,,,0.5,0.465,31.2,31.2,62.4,,
HSS,HSS6X.375,HSS6.000X0.375,22.55,6.2,,,6,,,,,0.375,0.349,24.8,24.8,49.7,,
HSS,HSS6X.312,HSS6.000X0.312,18.97,5.22,,,6,,,,,0.312,0.291,21.3,21.3,42.6,,
HSS,HSS6X.280,HSS6.000X0.280,17.12,4.69,,,6,,,,,0.28,0.26,19.3,19.3,38.7,,
HSS,HSS6X.250,HSS6.000X0.250,15.37,4.22,,,6,,,,,0.25,0.233,17.6,17.6,35.2,,
HSS,HSS6X.188,HSS6.000X0.188,11.68,3.18,,,6,,,,,0.188,0.174,13.5,13.5,27,,
HSS,HSS6X.125,HSS6.000X0.125,7.85,2.14,,,6,,,,,0.125,0.116,9.28,9.28,18.6,,
HSS,HSS5.563X.500,HSS5.563X0.500,27.06,7.45,,,5.56,,,,,0.5,0.465,24.4,24.4,48.8,,
HSS,HSS5.563X.375,HSS5.563X0.375,20.8,5.72,,,5.56,,,,,0.375,0.349,19.5,19.5,39,,
HSS,HSS5.563X.258,HSS5.563X0.258,14.63,4.01,,,5.56,,,,,0.258,0.24,14.2,14.2,28.5,,
HSS,HSS5.563X.188,HSS5.563X0.188,10.8,2.95,,,5.56,,,,,0.188,0.174,10.7,10.7,21.4,,
HSS,HSS5.563X.134,HSS5.563X0.134,7.78,2.12,,,5.56,,,,,0.134,0.124,7.84,7.84,15.7,,
HSS,HSS5.5X.500,HSS5.500X0.500,26.73,7.36,,,5.5,,,,,0.5,0.465,23.5,23.5,47,,
HSS,HSS5.5X.375,HSS5.500X0.375,20.55,5.65,,,5.5,,,,,0.375,0.349,18.8,18.8,37.6,,
HSS,HSS5.5X.258,HSS5.500X0.258,14.46,3.97,,,5.5,,,,,0.258,0.24,13.7,13.7,27.5,,
HSS,HSS5X.500,HSS5.000X0.500,24.05,6.62,,,5,,,,,0.5,0.465,17.2,17.2,34.4,,
HSS,HSS5X.375,HSS5.000X0.375,18.54,5.1,,,5,,,,,0.375,0.349,13.9,13.9,27.7,,
HSS,HSS5X.312,HSS5.000X0.312,15.64,4.3,,,5,,,,,0.312,0.291,12,12,24,,
HSS,HSS5X.258,HSS5.000X0.258,13.08,3.59,,,5,,,,,0.258,0.24,10.2,10.2,20.4,,
HSS,HSS5X.250,HSS5.000X0.250,12.69,3.49,,,5,,,,,0.25,0.233,9.94,9.94,19.9,,
HSS,HSS5X.188,HSS5.000X0.188,9.67,2.64,,,5,,,,,0.188,0.174,7.69,7.69,15.4,,
HSS,HSS5X.125,HSS5.000X0.125,6.51,1.78,,,5,,,,,0.125,0.116,5.31,5.31,10.6,,
HSS,HSS4.5X.375,HSS4.500X0.375,16.54,4.55,,,4.5,,,,,0.375,0.349,9.87,9.87,19.7,,
HSS,HSS4.5X.337,HSS4.500X0.337,15,4.12,,,4.5,,,,,0.337,0.313,9.07,9.07,18.1,,
HSS,HSS4.5X.237,HSS4.500X0.237,10.8,2.96,,,4.5,,,,,0.237,0.22,6.79,6.79,13.6,,
HSS,HSS4.5X.188,HSS4.500X0.188,8.67,2.36,,,4.5,,,,,0.188,0.174,5.54,5.54,11.1,,
HSS,HSS4.5X.125,HSS4.500X0.125,5.85,1.6,,,4.5,,,,,0.125,0.116,3.84,3.84,7.68,,
HSS,HSS4X.313,HSS4.000X0.313,12.34,3.39,,,4,,,,,0.313,0.291,5.87,5.87,11.7,,
HSS,HSS4X.250,HSS4.000X0.250,10,2.76,,,4,,,,,0.25,0.233,4.91,4.91,9.82,,
HSS,HSS4X.237,HSS4.000X0.237,9.53,2.61,,,4,,,,,0.237,0.22,4.68,4.68,9.36,,
HSS,HSS4X.226,HSS4.000X0.226,9.12,2.5,,,4,,,,,0.226,0.21,4.5,4.5,9.01,,
HSS,HSS4X.220,HSS4.000X0.220,8.89,2.44,,,4,,,,,0.22,0.205,4.41,4.41,8.83,,
HSS,HSS4X.188,HSS4.000X0.188,7.66,2.09,,,4,,,,,0.188,0.174,3.83,3.83,7.67,,
HSS,HSS4X.125,HSS4.000X0.125,5.18,1.42,,,4,,,,,0.125,0.116,2.67,2.67,5.34,,
HSS,HSS3.5X.313,HSS3.500X0.313,10.66,2.93,,,3.5,,,,,0.313,0.291,3.81,3.81,7.61,,
HSS,HSS3.5X.300,HSS3.500X0.300,10.26,2.82,,,3.5,,,,,0.3,0.279,3.69,3.69,7.38,,
HSS,HSS3.5X.250,HSS3.500X0.250,8.69,2.39,,,3.5,,,,,0.25,0.233,3.21,3.21,6.41,,
HSS,HSS3.5X.216,HSS3.500X0.216,7.58,2.08,,,3.5,,,,,0.216,0.201,2.84,2.84,5.69,,
HSS,HSS3.5X.203,HSS3.500X0.203,7.15,1.97,,,3.5,,,,,0.203,0.189,2.7,2.7,5.41,,
HSS,HSS3.5X.188,HSS3.500X0.188,6.66,1.82,,,3.5,,,,,0.188,0.174,2.52,2.52,5.04,,
HSS,HSS3.5X.125,HSS3.500X0.125,4.51,1.23,,,3.5,,,,,0.125,0.116,1.77,1.77,3.53,,
HSS,HSS3X.250,HSS3.000X0.250,7.35,2.03,,,3,,,,,0.25,0.233,1.95,1.95,3.9,,
HSS,HSS3X.216,HSS3.000X0.216,6.43,1.77,,,3,,,,,0.216,0.201,1.74,1.74,3.48,,
HSS,HSS3X.203,HSS3.000X0.203,6.07,1.67,,,3,,,,,0.203,0.189,1.66,1.66,3.31,,
HSS,HSS3X.188,HSS3.000X0.188,5.65,1.54,,,3,,,,,0.188,0.174,1.55,1.55,3.1,,
HSS,HSS3X.152,HSS3.000X0.152,4.63,1.27,,,3,,,,,0.152,0.141,1.3,1.3,2.59,,
HSS,HSS3X.134,HSS3.000X0.134,4.11,1.12,,,3,,,,,0.134,0.124,1.16,1.16,2.32,,
HSS,HSS3X.125,HSS3.000X0.125,3.84,1.05,,,3,,,,,0.125,0.116,1.09,1.09,2.19,,
HSS,HSS2.875X.250,HSS2.875X0.250,7.02,1.93,,,2.88,,,,,0.25,0.233,1.7,1.7,3.4,,
HSS,HSS2.875X.203,HSS2.875X0.203,5.8,1.59,,,2.88,,,,,0.203,0.189,1.45,1.45,2.89,,
HSS,HSS2.875X.188,HSS2.875X0.188,5.4,1.48,,,2.88,,,,,0.188,0.174,1.35,1.35,2.7,,
HSS,HSS2.875X.125,HSS2.875X0.125,3.67,1.01,,,2.88,,,,,0.125,0.116,0.958,0.958,1.92,,
HSS,HSS2.5X.250,HSS2.500X0.250,6.01,1.66,,,2.5,,,,,0.25,0.233,1.08,1.08,2.15,,
HSS,HSS2.5X.188,HSS2.500X0.188,4.65,1.27,,,2.5,,,,,0.188,0.174,0.865,0.865,1.73,,
HSS,HSS2.5X.125,HSS2.500X0.125,3.17,0.869,,,2.5,,,,,0.125,0.116,0.619,0.619,1.24,,
HSS,HSS2.375X.250,HSS2.375X0.250,5.68,1.57,,,2.38,,,,,0.25,0.233,0.91,0.91,1.82,,
HSS,HSS2.375X.218,HSS2.375X0.218,5.03,1.39,,,2.38,,,,,0.218,0.203,0.824,0.824,1.65,,
HSS,HSS2.375X.188,HSS2.375X0.188,4.4,1.2,,,2.38,,,,,0.188,0.174,0.733,0.733,1.47,,
HSS,HSS2.375X.154,HSS2.375X0.154,3.66,1,,,2.38,,,,,0.154,0.143,0.627,0.627,1.25,,
HSS,HSS2.375X.125,HSS2.375X0.125,3.01,0.823,,,2.38,,,,,0.125,0.116,0.527,0.527,1.05,,
HSS,HSS1.9X.188,HSS1.900X0.188,3.44,0.943,,,1.9,,,,,0.188,0.174,0.355,0.355,0.71,,
HSS,HSS1.9X.145,HSS1.900X0.145,2.72,0.749,,,1.9,,,,,0.145,0.135,0.293,0.293,0.586,,
HSS,HSS1.9X.120,HSS1.900X0.120,2.28,0.624,,,1.9,,,,,0.12,0.111,0.251,0.251,0.501,,
HSS,HSS1.66X.140,HSS1.660X0.140,2.27,0.625,,,1.66,,,,,0.14,0.13,0.184,0.184,0.368,,
PIPE,Pipe26STD,Pipe26STD,103,28.2,,,26,,,,,0.375,0.349,2320,2320,4640,,
PIPE,Pipe24SCH20,Pipe24STD,94.7,26,,,24,,,,,0.375,0.349,1820,1820,3640,,
PIPE,Pipe20SCH20,Pipe20STD,78.7,21.6,,,20,,,,,0.375,0.349,1040,1040,2090,,
PIPE,Pipe18STD,Pipe18STD,70.7,19.4,,,18,,,,,0.375,0.349,756,756,1510,,
PIPE,Pipe16SCH30,Pipe16STD,62.6,17.2,,,16,,,,,0.375,0.349,527,527,1050,,
PIPE,Pipe14SCH30,Pipe14STD,54.6,15,,,14,,,,,0.375,0.349,350,350,700,,
PIPE,Pipe12STD,Pipe12STD,49.6,13.7,,,12.75,,,,,0.375,0.349,262,262,523,,
PIPE,Pipe10SCH40,Pipe10STD,40.5,11.5,,,10.75,,,,,0.365,0.34,151,151,302,,
PIPE,Pipe8SCH40,Pipe8STD,28.6,7.85,,,8.625,,,,,0.32200000000000006,0.3,68.1,68.1,136,,
PIPE,Pipe6SCH40,Pipe6STD,19,5.2,,,6.625,,,,,0.28,0.261,26.5,26.5,52.9,,
PIPE,Pipe5SCH40,Pipe5STD,14.6,4.01,,,5.563,,,,,0.258,0.241,14.3,14.3,28.6,,
PIPE,Pipe4SCH40,Pipe4STD,10.8,2.96,,,4.5,,,,,0.2370000000000001,0.221,6.82,6.82,13.6,,
PIPE,Pipe3-1/2SCH40,Pipe3-1/2STD,9.12,2.5,,,4,,,,,0.22599999999999998,0.211,4.52,4.52,9.04,,
PIPE,Pipe3SCH40,Pipe3STD,7.58,2.07,,,3.5,,,,,0.21599999999999997,0.201,2.85,2.85,5.69,,
PIPE,Pipe2-1/2SCH40,Pipe2-1/2STD,5.8,1.61,,,2.875,,,,,0.20300000000000007,0.189,1.45,1.45,2.89,,
PIPE,Pipe2SCH40,Pipe2STD,3.66,1.02,,,2.375,,,,,0.15399999999999991,0.143,0.627,0.627,1.25,,
PIPE,Pipe1-1/2SCH40,Pipe1-1/2STD,2.72,0.749,,,1.9,,,,,0.145,0.135,0.293,0.293,0.586,,
PIPE,Pipe1-1/4SCH40,Pipe1-1/4STD,2.27,0.625,,,1.66,,,,,0.14,0.13,0.184,0.184,0.368,,
PIPE,Pipe1SCH40,Pipe1STD,1.68,0.469,,,1.315,,,,,0.133,0.124,0.083,0.083,0.166,,
PIPE,Pipe3/4SCH40,Pipe3/4STD,1.13,0.312,,,1.05,,,,,0.11300000000000004,0.105,0.035,0.035,0.07,,
PIPE,Pipe1/2SCH40,Pipe1/2STD,0.85,0.234,,,0.84,,,,,0.10899999999999999,0.101,0.016,0.016,0.032,,
PIPE,Pipe26SCH20,Pipe26XS,136,36.1,,,26,,,,,0.5,0.465,2950,2950,5900,,
PIPE,Pipe24XS,Pipe24XS,126,33.3,,,24,,,,,0.5,0.465,2310,2310,4620,,
PIPE,Pipe20SCH30,Pipe20XS,104,27.6,,,20,,,,,0.5,0.465,1320,1320,2640,,
PIPE,Pipe18XS,Pipe18XS,93.5,24.8,,,18,,,,,0.5,0.465,956,956,1910,,
PIPE,Pipe16SCH40,Pipe16XS,82.9,22,,,16,,,,,0.5,0.465,665,665,1330,,
PIPE,Pipe14XS,Pipe14XS,72.2,19.2,,,14,,,,,0.5,0.465,440,440,880,,
PIPE,Pipe12XS,Pipe12XS,65.5,17.5,,,12.75,,,,,0.5,0.465,339,339,678,,
PIPE,Pipe10SCH80,Pipe10XS,54.8,15.1,,,10.75,,,,,0.5,0.465,199,199,398,,
PIPE,Pipe8SCH80,Pipe8XS,43.4,11.9,,,8.625,,,,,0.5,0.465,100,100,199,,
PIPE,Pipe6SCH80,Pipe6XS,28.6,7.83,,,6.625,,,,,0.43199999999999994,0.403,38.3,38.3,76.6,,
PIPE,Pipe5SCH80,Pipe5XS,20.8,5.73,,,5.563,,,,,0.375,0.349,19.5,19.5,39,,
PIPE,Pipe4SCH80,Pipe4XS,15,4.14,,,4.5,,,,,0.33699999999999997,0.315,9.12,9.12,18.2,,
PIPE,Pipe3-1/2SCH80,Pipe3-1/2XS,12.5,3.43,,,4,,,,,0.31800000000000006,0.296,5.94,5.94,11.9,,
PIPE,Pipe3SCH80,Pipe3XS,10.3,2.83,,,3.5,,,,,0.3,0.28,3.7,3.7,7.4,,
PIPE,Pipe2-1/2SCH80,Pipe2-1/2XS,7.67,2.1,,,2.875,,,,,0.276,0.257,1.83,1.83,3.66,,
PIPE,Pipe2SCH80,Pipe2XS,5.03,1.4,,,2.375,,,,,0.21799999999999997,0.204,0.827,0.827,1.65,,
PIPE,Pipe1-1/2SCH80,Pipe1-1/2XS,3.63,1,,,1.9,,,,,0.2,0.186,0.372,0.372,0.744,,
PIPE,Pipe1-1/4SCH80,Pipe1-1/4XS,3,0.837,,,1.66,,,,,0.19099999999999995,0.178,0.231,0.231,0.462,,
PIPE,Pipe1SCH80,Pipe1XS,2.17,0.602,,,1.315,,,,,0.179,0.166,0.101,0.101,0.202,,
PIPE,Pipe3/4SCH80,Pipe3/4XS,1.48,0.407,,,1.05,,,,,0.15400000000000003,0.143,0.043,0.043,0.086,,
PIPE,Pipe1/2SCH80,Pipe1/2XS,1.09,0.303,,,0.84,,,,,0.14699999999999996,0.137,0.019,0.019,0.038,,
PIPE,Pipe12SCH120,Pipe12XXS,126,35.4,,,12.75,,,,,1,0.93,625,625,1250,,
PIPE,Pipe10SCH140,Pipe10XXS,104,28.8,,,10.75,,,,,1,0.93,354,354,709,,
PIPE,Pipe8XXS,Pipe8XXS,72.5,20,,,8.625,,,,,0.875,0.816,154,154,308,,
PIPE,Pipe6XXS,Pipe6XXS,53.2,14.7,,,6.625,,,,,0.8639999999999999,0.805,63.5,63.5,127,,
PIPE,Pipe5XXS,Pipe5XXS,38.6,10.7,,,5.563,,,,,0.75,0.699,32.2,32.2,64.4,,
PIPE,Pipe4XXS,Pipe4XXS,27.6,7.66,,,4.5,,,,,0.6739999999999999,0.628,14.7,14.7,29.4,,
PIPE,Pipe3XXS,Pipe3XXS,18.6,5.17,,,3.5,,,,,0.6,0.559,5.79,5.79,11.6,,
PIPE,Pipe2-1/2XXS,Pipe2-1/2XXS,13.7,3.83,,,2.875,,,,,0.552,0.514,2.78,2.78,5.56,,
PIPE,Pipe2XXS,Pipe2XXS,9.04,2.51,,,2.375,,,,,0.43600000000000005,0.406,1.27,1.27,2.54,,
